Unnamed: 0_level_0_Player,Unnamed: 1_level_0_Nation,Unnamed: 2_level_0_Pos,Unnamed: 3_level_0_Age,Unnamed: 4_level_0_MP,Playing Time_Starts,Playing Time_Min,Playing Time_90s,Performance_Gls,Performance_Ast,Performance_G+A,Performance_G-PK,Performance_PK,Performance_PKatt,Performance_CrdY,Performance_CrdR,Expected_xG,Expected_npxG,Expected_xAG,Expected_npxG+xAG,Progression_PrgC,Progression_PrgP,Progression_PrgR,Per 90 Minutes_Gls,Per 90 Minutes_Ast,Per 90 Minutes_G+A,Per 90 Minutes_G-PK,Per 90 Minutes_G+A-PK,Per 90 Minutes_xG,Per 90 Minutes_xAG,Per 90 Minutes_xG+xAG,Per 90 Minutes_npxG,Per 90 Minutes_npxG+xAG,Unnamed: 33_level_0_Matches,Team,Playing Time_MP
Jules Koundé,fr FRA,DF,25-292,3.0,3,270.0,3.0,0.0,0.0,0.0,0.0,0.0,0.0,1.0,0.0,0.1,0.1,0.2,0.2,3.0,22.0,13.0,0.0,0.0,0.0,0.0,0.0,0.03,0.05,0.08,0.03,0.08,Matches,Barcelona,
Robert Lewandowski,pl POL,FW,36-009,3.0,3,270.0,3.0,3.0,0.0,3.0,2.0,1.0,1.0,1.0,0.0,3.1,2.3,0.1,2.4,1.0,4.0,15.0,1.0,0.0,1.0,0.67,0.67,1.04,0.02,1.06,0.77,0.79,Matches,Barcelona,
Iñigo Martínez,es ESP,DF,33-105,3.0,3,270.0,3.0,0.0,0.0,0.0,0.0,0.0,0.0,0.0,0.0,0.1,0.1,0.1,0.2,3.0,23.0,0.0,0.0,0.0,0.0,0.0,0.0,0.04,0.02,0.06,0.04,0.06,Matches,Barcelona,
Raphinha,br BRA,"MF,FW",27-260,3.0,3,270.0,3.0,0.0,1.0,1.0,0.0,0.0,0.0,0.0,0.0,0.8,0.8,1.6,2.5,9.0,17.0,23.0,0.0,0.33,0.33,0.0,0.33,0.28,0.55,0.83,0.28,0.83,Matches,Barcelona,
Marc-André ter Stegen,de GER,GK,32-122,3.0,3,270.0,3.0,0.0,0.0,0.0,0.0,0.0,0.0,0.0,0.0,0.0,0.0,0.0,0.0,0.0,0.0,0.0,0.0,0.0,0.0,0.0,0.0,0.0,0.0,0.0,0.0,0.0,Matches,Barcelona,
Lamine Yamal,es ESP,FW,17-048,3.0,3,263.0,2.9,1.0,2.0,3.0,1.0,0.0,0.0,0.0,0.0,0.7,0.7,1.4,2.1,13.0,15.0,39.0,0.34,0.68,1.03,0.34,1.03,0.25,0.47,0.72,0.25,0.72,Matches,Barcelona,
Pau Cubarsí,es ESP,DF,17-221,3.0,3,243.0,2.7,0.0,0.0,0.0,0.0,0.0,0.0,2.0,0.0,0.1,0.1,0.0,0.1,0.0,9.0,0.0,0.0,0.0,0.0,0.0,0.0,0.03,0.0,0.03,0.03,0.03,Matches,Barcelona,
Marc Bernal,es ESP,MF,17-096,3.0,3,242.0,2.7,0.0,0.0,0.0,0.0,0.0,0.0,2.0,0.0,0.1,0.1,0.0,0.1,0.0,8.0,2.0,0.0,0.0,0.0,0.0,0.0,0.03,0.01,0.03,0.03,0.03,Matches,Barcelona,
Ferrán Torres,es ESP,FW,24-183,3.0,3,170.0,1.9,0.0,0.0,0.0,0.0,0.0,0.0,0.0,0.0,0.3,0.3,0.0,0.3,3.0,5.0,10.0,0.0,0.0,0.0,0.0,0.0,0.16,0.01,0.17,0.16,0.17,Matches,Barcelona,
Pedri,es ESP,MF,21-279,3.0,2,206.0,2.3,1.0,0.0,1.0,1.0,0.0,0.0,0.0,0.0,0.3,0.3,0.7,1.1,9.0,20.0,9.0,0.44,0.0,0.44,0.44,0.44,0.15,0.32,0.47,0.15,0.47,Matches,Barcelona,
Alejandro Balde,es ESP,DF,20-317,3.0,2,178.0,2.0,0.0,0.0,0.0,0.0,0.0,0.0,0.0,0.0,0.0,0.0,0.4,0.5,11.0,8.0,22.0,0.0,0.0,0.0,0.0,0.0,0.01,0.22,0.23,0.01,0.23,Matches,Barcelona,
Gerard Martín,es ESP,DF,22-242,3.0,1,92.0,1.0,0.0,0.0,0.0,0.0,0.0,0.0,0.0,0.0,0.0,0.0,0.3,0.3,0.0,7.0,7.0,0.0,0.0,0.0,0.0,0.0,0.0,0.25,0.25,0.0,0.25,Matches,Barcelona,
Marc Casado,es ESP,MF,20-351,1.0,1,90.0,1.0,0.0,0.0,0.0,0.0,0.0,0.0,0.0,0.0,0.6,0.6,0.1,0.7,1.0,10.0,4.0,0.0,0.0,0.0,0.0,0.0,0.6,0.11,0.71,0.6,0.71,Matches,Barcelona,
Dani Olmo,es ESP,MF,26-115,1.0,0,45.0,0.5,1.0,0.0,1.0,1.0,0.0,0.0,0.0,0.0,0.2,0.2,0.2,0.4,2.0,4.0,6.0,2.0,0.0,2.0,2.0,2.0,0.3,0.4,0.7,0.3,0.7,Matches,Barcelona,
Fermin López,es ESP,MF,21-111,2.0,0,29.0,0.3,0.0,0.0,0.0,0.0,0.0,0.0,1.0,0.0,0.0,0.0,0.0,0.0,0.0,2.0,4.0,0.0,0.0,0.0,0.0,0.0,0.0,0.0,0.0,0.0,0.0,Matches,Barcelona,
Eric García,es ESP,MF,23-234,2.0,0,28.0,0.3,0.0,0.0,0.0,0.0,0.0,0.0,0.0,0.0,0.0,0.0,0.0,0.0,0.0,2.0,1.0,0.0,0.0,0.0,0.0,0.0,0.0,0.0,0.0,0.0,0.0,Matches,Barcelona,
Andreas Christensen,dk DEN,DF,28-142,1.0,0,27.0,0.3,0.0,0.0,0.0,0.0,0.0,0.0,1.0,0.0,0.0,0.0,0.0,0.0,0.0,0.0,0.0,0.0,0.0,0.0,0.0,0.0,0.0,0.0,0.0,0.0,0.0,Matches,Barcelona,
Pau Victor Delgado,es ESP,FW,22-278,3.0,0,7.0,0.1,0.0,0.0,0.0,0.0,0.0,0.0,0.0,0.0,0.0,0.0,0.1,0.1,0.0,2.0,3.0,0.0,0.0,0.0,0.0,0.0,0.0,0.74,0.74,0.0,0.74,Matches,Barcelona,
Ander Astralaga,es ESP,GK,20-180,0.0,0,,,,,,,,,,,,,,,,,,,,,,,,,,,,Matches,Barcelona,
Andres Cuenca,es ESP,DF,17-080,0.0,0,,,,,,,,,,,,,,,,,,,,,,,,,,,,Matches,Barcelona,
Sergi Dominguez,es ESP,DF,19-151,0.0,0,,,,,,,,,,,,,,,,,,,,,,,,,,,,Matches,Barcelona,
Héctor Fort,es ESP,DF,18-028,0.0,0,,,,,,,,,,,,,,,,,,,,,,,,,,,,Matches,Barcelona,
Iñaki Peña,es ESP,GK,25-181,0.0,0,,,,,,,,,,,,,,,,,,,,,,,,,,,,Matches,Barcelona,
Pablo Torre,es ESP,MF,21-149,0.0,0,,,,,,,,,,,,,,,,,,,,,,,,,,,,Matches,Barcelona,
Álex Valle,es ESP,DF,20-127,0.0,0,,,,,,,,,,,,,,,,,,,,,,,,,,,,Matches,Barcelona,
Squad Total,,,25.1,3.0,33,270.0,3.0,6.0,3.0,9.0,5.0,1.0,1.0,8.0,0.0,6.4,5.6,5.1,10.7,55.0,158.0,158.0,2.0,1.0,3.0,1.67,2.67,2.13,1.69,3.83,1.87,3.56,,Barcelona,
Opponent Total,,,26.7,3.0,33,270.0,3.0,3.0,2.0,5.0,2.0,1.0,1.0,10.0,0.0,2.4,1.6,1.4,3.1,37.0,75.0,73.0,1.0,0.67,1.67,0.67,1.33,0.8,0.48,1.28,0.54,1.02,,Barcelona,
Sergi Cardona,es ESP,DF,25-053,3.0,3,270.0,3.0,1.0,1.0,2.0,1.0,0.0,0.0,0.0,0.0,1.0,1.0,0.6,1.6,5.0,13.0,17.0,0.33,0.33,0.67,0.33,0.67,0.35,0.2,0.55,0.35,0.55,Matches,Villarreal,
Diego Conde,es ESP,GK,25-307,3.0,3,270.0,3.0,0.0,1.0,1.0,0.0,0.0,0.0,0.0,0.0,0.0,0.0,0.1,0.1,0.0,0.0,0.0,0.0,0.33,0.33,0.0,0.33,0.0,0.02,0.02,0.0,0.02,Matches,Villarreal,
Kiko Femenía,es ESP,DF,33-210,3.0,3,270.0,3.0,0.0,0.0,0.0,0.0,0.0,0.0,1.0,0.0,0.0,0.0,0.1,0.1,11.0,24.0,6.0,0.0,0.0,0.0,0.0,0.0,0.01,0.03,0.04,0.01,0.04,Matches,Villarreal,
Santi Comesaña,es ESP,MF,27-330,3.0,3,252.0,2.8,0.0,0.0,0.0,0.0,0.0,0.0,0.0,0.0,0.1,0.1,0.0,0.1,3.0,21.0,6.0,0.0,0.0,0.0,0.0,0.0,0.03,0.0,0.03,0.03,0.03,Matches,Villarreal,
Alex Baena,es ESP,MF,23-041,3.0,3,231.0,2.6,0.0,1.0,1.0,0.0,0.0,0.0,1.0,0.0,0.6,0.6,1.1,1.7,4.0,18.0,12.0,0.0,0.39,0.39,0.0,0.39,0.22,0.43,0.65,0.22,0.65,Matches,Villarreal,
Eric Bailly,ci CIV,DF,30-140,3.0,3,231.0,2.6,0.0,0.0,0.0,0.0,0.0,0.0,1.0,0.0,0.1,0.1,0.0,0.1,1.0,7.0,0.0,0.0,0.0,0.0,0.0,0.0,0.02,0.0,0.02,0.02,0.02,Matches,Villarreal,
Arnaut Danjuma,nl NED,FW,27-212,3.0,3,200.0,2.2,2.0,0.0,2.0,2.0,0.0,0.0,1.0,0.0,0.8,0.8,0.0,0.8,4.0,1.0,17.0,0.9,0.0,0.9,0.9,0.9,0.37,0.01,0.38,0.37,0.38,Matches,Villarreal,
Daniel Parejo,es ESP,MF,35-136,3.0,2,197.0,2.2,1.0,0.0,1.0,1.0,0.0,1.0,1.0,0.0,0.9,0.0,0.0,0.0,1.0,10.0,2.0,0.46,0.0,0.46,0.46,0.46,0.42,0.01,0.44,0.0,0.01,Matches,Villarreal,
Raúl Albiol,es ESP,DF,38-361,3.0,2,186.0,2.1,0.0,0.0,0.0,0.0,0.0,0.0,1.0,0.0,0.0,0.0,0.0,0.0,0.0,2.0,0.0,0.0,0.0,0.0,0.0,0.0,0.0,0.0,0.0,0.0,0.0,Matches,Villarreal,
Yeremi Pino,es ESP,MF,21-315,3.0,2,145.0,1.6,0.0,0.0,0.0,0.0,0.0,0.0,1.0,0.0,0.4,0.4,0.4,0.8,2.0,3.0,20.0,0.0,0.0,0.0,0.0,0.0,0.24,0.27,0.51,0.24,0.51,Matches,Villarreal,
Gerard Moreno,es ESP,FW,32-145,2.0,2,115.0,1.3,0.0,1.0,1.0,0.0,0.0,0.0,0.0,0.0,0.3,0.3,1.3,1.5,0.0,9.0,8.0,0.0,0.78,0.78,0.0,0.78,0.21,0.99,1.2,0.21,1.2,Matches,Villarreal,
Pape Gueye,sn SEN,MF,25-219,3.0,1,129.0,1.4,0.0,0.0,0.0,0.0,0.0,0.0,1.0,0.0,0.0,0.0,0.0,0.0,1.0,7.0,4.0,0.0,0.0,0.0,0.0,0.0,0.02,0.0,0.02,0.02,0.02,Matches,Villarreal,
Nicolas Pépé,ci CIV,"FW,MF",29-093,3.0,1,117.0,1.3,0.0,0.0,0.0,0.0,0.0,0.0,1.0,0.0,0.4,0.4,0.0,0.4,3.0,4.0,15.0,0.0,0.0,0.0,0.0,0.0,0.32,0.02,0.34,0.32,0.34,Matches,Villarreal,
Ilias Akhomach,ma MAR,MF,20-136,2.0,1,92.0,1.0,0.0,0.0,0.0,0.0,0.0,0.0,0.0,0.0,0.0,0.0,0.0,0.0,2.0,1.0,14.0,0.0,0.0,0.0,0.0,0.0,0.02,0.0,0.02,0.02,0.02,Matches,Villarreal,
Willy Kambwala,fr FRA,DF,20-005,1.0,1,90.0,1.0,0.0,0.0,0.0,0.0,0.0,0.0,0.0,0.0,0.0,0.0,0.0,0.0,0.0,2.0,0.0,0.0,0.0,0.0,0.0,0.0,0.0,0.0,0.0,0.0,0.0,Matches,Villarreal,
Ayoze Pérez,es ESP,FW,31-032,3.0,0,83.0,0.9,1.0,0.0,1.0,1.0,0.0,0.0,1.0,0.0,0.3,0.3,0.1,0.3,2.0,3.0,3.0,1.08,0.0,1.08,1.08,1.08,0.29,0.06,0.36,0.29,0.36,Matches,Villarreal,
Thierno Barry,fr FRA,FW,21-314,2.0,0,58.0,0.6,1.0,0.0,1.0,1.0,0.0,0.0,0.0,0.0,0.4,0.4,0.0,0.4,1.0,1.0,1.0,1.55,0.0,1.55,1.55,1.55,0.68,0.0,0.68,0.68,0.68,Matches,Villarreal,
Logan Costa,cv CPV,DF,23-151,1.0,0,33.0,0.4,0.0,0.0,0.0,0.0,0.0,0.0,0.0,0.0,0.0,0.0,0.0,0.0,0.0,0.0,0.0,0.0,0.0,0.0,0.0,0.0,0.0,0.0,0.0,0.0,0.0,Matches,Villarreal,
Ramón Terrats,es ESP,MF,23-317,1.0,0,1.0,0.0,0.0,0.0,0.0,0.0,0.0,0.0,0.0,0.0,0.0,0.0,0.0,0.0,0.0,1.0,0.0,0.0,0.0,0.0,0.0,0.0,0.0,0.0,0.0,0.0,0.0,Matches,Villarreal,
Iker Álvarez,ad AND,GK,23-036,0.0,0,,,,,,,,,,,,,,,,,,,,,,,,,,,,Matches,Villarreal,
Luiz Lúcio Reis Júnior,br BRA,GK,23-229,0.0,0,,,,,,,,,,,,,,,,,,,,,,,,,,,,Matches,Villarreal,
Pau Navarro,es ESP,DF,19-127,0.0,0,,,,,,,,,,,,,,,,,,,,,,,,,,,,Matches,Villarreal,
Arnau Solà,es ESP,DF,21-148,0.0,0,,,,,,,,,,,,,,,,,,,,,,,,,,,,Matches,Villarreal,
Squad Total,,,28.2,3.0,33,270.0,3.0,6.0,4.0,10.0,6.0,0.0,1.0,10.0,0.0,5.2,4.3,3.6,7.9,40.0,127.0,125.0,2.0,1.33,3.33,2.0,3.33,1.74,1.21,2.96,1.43,2.65,,Villarreal,
Opponent Total,,,27.4,3.0,33,270.0,3.0,6.0,4.0,10.0,6.0,0.0,0.0,9.0,0.0,4.8,4.8,3.5,8.4,51.0,143.0,142.0,2.0,1.33,3.33,2.0,3.33,1.6,1.18,2.79,1.6,2.79,,Villarreal,
Damián Rodríguez,es ESP,MF,21-166,3.0,3,270.0,3.0,0.0,0.0,0.0,0.0,0.0,0.0,2.0,0.0,0.0,0.0,0.2,0.2,0.0,13.0,3.0,0.0,0.0,0.0,0.0,0.0,0.0,0.06,0.06,0.0,0.06,Matches,Celta Vigo,
Iván Villar,es ESP,GK,27-052,3.0,3,270.0,3.0,0.0,0.0,0.0,0.0,0.0,0.0,0.0,0.0,0.0,0.0,0.0,0.0,0.0,0.0,0.0,0.0,0.0,0.0,0.0,0.0,0.0,0.0,0.0,0.0,0.0,Matches,Celta Vigo,
Óscar Mingueza,es ESP,"DF,MF",25-109,3.0,3,225.0,2.5,2.0,2.0,4.0,2.0,0.0,0.0,1.0,0.0,0.2,0.2,0.7,0.9,12.0,22.0,22.0,0.8,0.8,1.6,0.8,1.6,0.07,0.28,0.35,0.07,0.35,Matches,Celta Vigo,
Jailson Siqueira,br BRA,"DF,MF",28-358,3.0,2,225.0,2.5,0.0,0.0,0.0,0.0,0.0,0.0,0.0,0.0,0.1,0.1,0.0,0.1,2.0,17.0,0.0,0.0,0.0,0.0,0.0,0.0,0.03,0.0,0.03,0.03,0.03,Matches,Celta Vigo,
Hugo Álvarez,es ESP,"DF,MF",21-059,3.0,2,213.0,2.4,0.0,1.0,1.0,0.0,0.0,0.0,1.0,0.0,0.0,0.0,0.1,0.1,7.0,7.0,26.0,0.0,0.42,0.42,0.0,0.42,0.0,0.03,0.03,0.0,0.03,Matches,Celta Vigo,
Iago Aspas,es ESP,"MF,FW",37-029,3.0,2,197.0,2.2,2.0,1.0,3.0,2.0,0.0,1.0,1.0,0.0,1.7,0.9,0.3,1.1,6.0,15.0,15.0,0.91,0.46,1.37,0.91,1.37,0.77,0.12,0.88,0.41,0.52,Matches,Celta Vigo,
Fran Beltrán,es ESP,MF,25-209,3.0,2,187.0,2.1,1.0,0.0,1.0,1.0,0.0,0.0,0.0,0.0,0.2,0.2,0.5,0.7,1.0,14.0,2.0,0.48,0.0,0.48,0.48,0.48,0.08,0.24,0.32,0.08,0.32,Matches,Celta Vigo,
Carlos Dominguez,es ESP,DF,23-201,2.0,2,180.0,2.0,0.0,0.0,0.0,0.0,0.0,0.0,0.0,0.0,0.0,0.0,0.0,0.0,2.0,11.0,0.0,0.0,0.0,0.0,0.0,0.0,0.0,0.0,0.0,0.0,0.0,Matches,Celta Vigo,
Jonathan Bamba,ci CIV,"FW,MF",28-157,3.0,2,161.0,1.8,0.0,0.0,0.0,0.0,0.0,0.0,1.0,0.0,0.2,0.2,0.7,0.9,5.0,8.0,9.0,0.0,0.0,0.0,0.0,0.0,0.12,0.36,0.49,0.12,0.49,Matches,Celta Vigo,
Anastasios Douvikas,gr GRE,FW,25-028,3.0,2,159.0,1.8,0.0,0.0,0.0,0.0,0.0,0.0,0.0,0.0,0.3,0.3,0.0,0.3,0.0,1.0,15.0,0.0,0.0,0.0,0.0,0.0,0.17,0.0,0.17,0.17,0.17,Matches,Celta Vigo,
Carl Starfelt,se SWE,DF,29-090,3.0,2,151.0,1.7,1.0,0.0,1.0,1.0,0.0,0.0,0.0,0.0,0.2,0.2,0.0,0.2,0.0,4.0,1.0,0.6,0.0,0.6,0.6,0.6,0.13,0.02,0.15,0.13,0.15,Matches,Celta Vigo,
Javier Manquillo,es ESP,DF,30-117,2.0,2,114.0,1.3,0.0,0.0,0.0,0.0,0.0,0.0,0.0,0.0,0.0,0.0,0.0,0.0,0.0,5.0,2.0,0.0,0.0,0.0,0.0,0.0,0.0,0.0,0.0,0.0,0.0,Matches,Celta Vigo,
Williot Swedberg,se SWE,"FW,DF",20-211,3.0,1,130.0,1.4,1.0,1.0,2.0,1.0,0.0,0.0,1.0,0.0,1.3,1.3,0.6,1.9,3.0,5.0,15.0,0.69,0.69,1.38,0.69,1.38,0.89,0.42,1.31,0.89,1.31,Matches,Celta Vigo,
Javi Rodríguez,es ESP,DF,21-065,2.0,1,119.0,1.3,0.0,0.0,0.0,0.0,0.0,0.0,0.0,0.0,0.1,0.1,0.0,0.1,2.0,5.0,1.0,0.0,0.0,0.0,0.0,0.0,0.08,0.0,0.08,0.08,0.08,Matches,Celta Vigo,
Borja Iglesias,es ESP,FW,31-226,3.0,1,111.0,1.2,1.0,0.0,1.0,1.0,0.0,0.0,0.0,0.0,0.1,0.1,0.0,0.1,1.0,0.0,5.0,0.81,0.0,0.81,0.81,0.81,0.1,0.0,0.1,0.1,0.1,Matches,Celta Vigo,
Sergio Carreira,es ESP,MF,23-322,2.0,1,102.0,1.1,0.0,0.0,0.0,0.0,0.0,0.0,0.0,0.0,0.0,0.0,0.0,0.0,4.0,2.0,4.0,0.0,0.0,0.0,0.0,0.0,0.02,0.0,0.02,0.02,0.02,Matches,Celta Vigo,
Ilaix Moriba,gn GUI,MF,21-224,2.0,1,83.0,0.9,0.0,0.0,0.0,0.0,0.0,0.0,1.0,0.0,0.0,0.0,0.2,0.2,1.0,2.0,2.0,0.0,0.0,0.0,0.0,0.0,0.0,0.25,0.25,0.0,0.25,Matches,Celta Vigo,
Alfon,es ESP,FW,25-118,1.0,1,69.0,0.8,0.0,0.0,0.0,0.0,0.0,0.0,0.0,0.0,0.5,0.5,0.1,0.6,2.0,2.0,8.0,0.0,0.0,0.0,0.0,0.0,0.66,0.07,0.72,0.66,0.72,Matches,Celta Vigo,
Pablo Durán,es ESP,FW,23-097,1.0,0,4.0,0.0,0.0,0.0,0.0,0.0,0.0,0.0,0.0,0.0,0.0,0.0,0.0,0.0,0.0,0.0,2.0,0.0,0.0,0.0,0.0,0.0,0.0,0.0,0.0,0.0,0.0,Matches,Celta Vigo,
Joseph Aidoo,gh GHA,DF,28-336,0.0,0,,,,,,,,,,,,,,,,,,,,,,,,,,,,Matches,Celta Vigo,
Vicente Guaita,es ESP,GK,37-233,0.0,0,,,,,,,,,,,,,,,,,,,,,,,,,,,,Matches,Celta Vigo,
Hugo Sotelo,es ESP,MF,20-255,0.0,0,,,,,,,,,,,,,,,,,,,,,,,,,,,,Matches,Celta Vigo,
Marc Vidal,es ESP,GK,24-198,0.0,0,,,,,,,,,,,,,,,,,,,,,,,,,,,,Matches,Celta Vigo,
Squad Total,,,26.1,3.0,33,270.0,3.0,8.0,5.0,13.0,8.0,0.0,1.0,8.0,0.0,4.8,4.0,3.3,7.3,48.0,133.0,132.0,2.67,1.67,4.33,2.67,4.33,1.61,1.09,2.7,1.34,2.43,,Celta Vigo,
Opponent Total,,,26.5,3.0,33,270.0,3.0,5.0,4.0,9.0,5.0,0.0,1.0,6.0,0.0,6.1,5.1,4.1,9.3,47.0,129.0,126.0,1.67,1.33,3.0,1.67,3.0,2.03,1.38,3.41,1.71,3.09,,Celta Vigo,
Thibaut Courtois,be BEL,GK,32-111,3.0,3,270.0,3.0,0.0,0.0,0.0,0.0,0.0,0.0,0.0,0.0,0.0,0.0,0.0,0.0,0.0,0.0,0.0,0.0,0.0,0.0,0.0,0.0,0.0,0.0,0.0,0.0,0.0,Matches,Real Madrid,
Éder Militão,br BRA,DF,26-225,3.0,3,270.0,3.0,0.0,1.0,1.0,0.0,0.0,0.0,1.0,0.0,0.0,0.0,0.4,0.4,2.0,20.0,0.0,0.0,0.33,0.33,0.0,0.33,0.01,0.12,0.12,0.01,0.12,Matches,Real Madrid,
Antonio Rüdiger,de GER,DF,31-180,3.0,3,270.0,3.0,0.0,0.0,0.0,0.0,0.0,0.0,0.0,0.0,0.3,0.3,0.0,0.4,2.0,21.0,0.0,0.0,0.0,0.0,0.0,0.0,0.11,0.01,0.13,0.11,0.13,Matches,Real Madrid,
Federico Valverde,uy URU,MF,26-039,3.0,3,270.0,3.0,1.0,0.0,1.0,1.0,0.0,0.0,0.0,0.0,0.2,0.2,0.4,0.6,4.0,25.0,7.0,0.33,0.0,0.33,0.33,0.33,0.06,0.14,0.2,0.06,0.2,Matches,Real Madrid,
Kylian Mbappé,fr FRA,FW,25-254,3.0,3,265.0,2.9,0.0,0.0,0.0,0.0,0.0,0.0,0.0,0.0,1.8,1.8,0.0,1.8,14.0,13.0,40.0,0.0,0.0,0.0,0.0,0.0,0.61,0.0,0.61,0.61,0.61,Matches,Real Madrid,
Vinicius Júnior,br BRA,FW,24-049,3.0,3,256.0,2.8,1.0,1.0,2.0,0.0,1.0,1.0,0.0,0.0,1.2,0.5,1.6,2.2,17.0,11.0,35.0,0.35,0.35,0.7,0.0,0.35,0.42,0.57,0.99,0.19,0.76,Matches,Real Madrid,
Aurélien Tchouaméni,fr FRA,MF,24-216,3.0,3,242.0,2.7,0.0,0.0,0.0,0.0,0.0,0.0,0.0,0.0,0.3,0.3,0.0,0.3,5.0,40.0,1.0,0.0,0.0,0.0,0.0,0.0,0.11,0.01,0.13,0.11,0.13,Matches,Real Madrid,
Rodrygo,br BRA,FW,23-234,3.0,2,203.0,2.3,1.0,1.0,2.0,1.0,0.0,0.0,0.0,0.0,0.2,0.2,0.1,0.3,11.0,7.0,33.0,0.44,0.44,0.89,0.44,0.89,0.09,0.04,0.12,0.09,0.12,Matches,Real Madrid,
Dani Carvajal,es ESP,DF,32-232,3.0,2,191.0,2.1,0.0,0.0,0.0,0.0,0.0,0.0,0.0,0.0,0.0,0.0,0.0,0.0,0.0,8.0,15.0,0.0,0.0,0.0,0.0,0.0,0.0,0.01,0.01,0.0,0.01,Matches,Real Madrid,
Ferland Mendy,fr FRA,DF,29-083,2.0,2,134.0,1.5,0.0,0.0,0.0,0.0,0.0,0.0,1.0,1.0,0.0,0.0,0.0,0.0,1.0,4.0,10.0,0.0,0.0,0.0,0.0,0.0,0.0,0.0,0.0,0.0,0.0,Matches,Real Madrid,
Fran Garcia,es ESP,DF,25-016,2.0,1,135.0,1.5,0.0,0.0,0.0,0.0,0.0,0.0,0.0,0.0,0.0,0.0,0.2,0.2,3.0,12.0,17.0,0.0,0.0,0.0,0.0,0.0,0.01,0.11,0.11,0.01,0.11,Matches,Real Madrid,
Luka Modrić,hr CRO,MF,38-356,3.0,1,113.0,1.3,0.0,0.0,0.0,0.0,0.0,0.0,0.0,0.0,0.0,0.0,0.5,0.6,0.0,15.0,2.0,0.0,0.0,0.0,0.0,0.0,0.04,0.42,0.46,0.04,0.46,Matches,Real Madrid,
Arda Güler,tr TUR,MF,19-187,3.0,1,98.0,1.1,0.0,0.0,0.0,0.0,0.0,0.0,1.0,0.0,0.8,0.8,0.5,1.3,2.0,7.0,14.0,0.0,0.0,0.0,0.0,0.0,0.72,0.49,1.21,0.72,1.21,Matches,Real Madrid,
Jude Bellingham,eng ENG,MF,21-062,1.0,1,87.0,1.0,0.0,0.0,0.0,0.0,0.0,0.0,0.0,0.0,0.0,0.0,0.1,0.1,2.0,14.0,5.0,0.0,0.0,0.0,0.0,0.0,0.0,0.05,0.05,0.0,0.05,Matches,Real Madrid,
Lucas Vázquez,es ESP,DF,33-060,2.0,1,79.0,0.9,0.0,0.0,0.0,0.0,0.0,0.0,0.0,0.0,0.0,0.0,0.3,0.3,2.0,7.0,12.0,0.0,0.0,0.0,0.0,0.0,0.0,0.39,0.39,0.0,0.39,Matches,Real Madrid,
Brahim Díaz,ma MAR,FW,25-027,3.0,1,70.0,0.8,1.0,1.0,2.0,1.0,0.0,0.0,0.0,0.0,0.3,0.3,0.1,0.4,7.0,5.0,13.0,1.29,1.29,2.57,1.29,2.57,0.38,0.09,0.47,0.38,0.47,Matches,Real Madrid,
Endrick,br BRA,FW,18-040,2.0,0,10.0,0.1,1.0,0.0,1.0,1.0,0.0,0.0,0.0,0.0,0.2,0.2,0.0,0.2,0.0,0.0,2.0,9.0,0.0,9.0,9.0,9.0,2.01,0.0,2.01,2.01,2.01,Matches,Real Madrid,
Dani Ceballos,es ESP,"MF,FW",28-023,1.0,0,6.0,0.1,0.0,0.0,0.0,0.0,0.0,0.0,0.0,0.0,0.0,0.0,0.0,0.0,0.0,0.0,0.0,0.0,0.0,0.0,0.0,0.0,0.0,0.0,0.0,0.0,0.0,Matches,Real Madrid,
Fran,es ESP,GK,19-067,0.0,0,,,,,,,,,,,,,,,,,,,,,,,,,,,,Matches,Real Madrid,
Andriy Lunin,ua UKR,GK,25-201,0.0,0,,,,,,,,,,,,,,,,,,,,,,,,,,,,Matches,Real Madrid,
Jacobo Ramón,es ESP,DF,19-237,0.0,0,,,,,,,,,,,,,,,,,,,,,,,,,,,,Matches,Real Madrid,
Jesús Vallejo,es ESP,DF,27-238,0.0,0,,,,,,,,,,,,,,,,,,,,,,,,,,,,Matches,Real Madrid,
Squad Total,,,27.5,3.0,33,270.0,3.0,5.0,4.0,9.0,4.0,1.0,1.0,3.0,1.0,5.1,4.7,4.2,8.8,72.0,209.0,206.0,1.67,1.33,3.0,1.33,2.67,1.71,1.39,3.1,1.55,2.94,,Real Madrid,
Opponent Total,,,28.3,3.0,33,270.0,3.0,2.0,2.0,4.0,2.0,0.0,0.0,2.0,0.0,2.2,2.2,1.5,3.6,43.0,68.0,66.0,0.67,0.67,1.33,0.67,1.33,0.72,0.49,1.21,0.72,1.21,,Real Madrid,
César Azpilicueta,es ESP,DF,35-002,3.0,3,270.0,3.0,0.0,0.0,0.0,0.0,0.0,0.0,0.0,0.0,0.1,0.1,0.0,0.1,4.0,24.0,5.0,0.0,0.0,0.0,0.0,0.0,0.05,0.0,0.05,0.05,0.05,Matches,Atletico Madrid,
Robin Le Normand,es ESP,DF,27-293,3.0,3,270.0,3.0,0.0,0.0,0.0,0.0,0.0,0.0,1.0,0.0,0.0,0.0,0.1,0.1,2.0,10.0,0.0,0.0,0.0,0.0,0.0,0.0,0.01,0.03,0.03,0.01,0.03,Matches,Atletico Madrid,
Jan Oblak,si SVN,GK,31-236,3.0,3,270.0,3.0,0.0,0.0,0.0,0.0,0.0,0.0,0.0,0.0,0.0,0.0,0.0,0.0,0.0,0.0,0.0,0.0,0.0,0.0,0.0,0.0,0.0,0.0,0.0,0.0,0.0,Matches,Atletico Madrid,
Samuel Lino,br BRA,"MF,DF",24-251,3.0,3,202.0,2.2,0.0,0.0,0.0,0.0,0.0,0.0,1.0,0.0,1.3,1.3,0.1,1.4,8.0,9.0,23.0,0.0,0.0,0.0,0.0,0.0,0.57,0.06,0.63,0.57,0.63,Matches,Atletico Madrid,
Pablo Barrios,es ESP,MF,21-076,3.0,2,225.0,2.5,0.0,1.0,1.0,0.0,0.0,0.0,1.0,0.0,0.1,0.1,0.3,0.4,3.0,17.0,8.0,0.0,0.4,0.4,0.0,0.4,0.05,0.1,0.16,0.05,0.16,Matches,Atletico Madrid,
Marcos Llorente,es ESP,"DF,MF",29-213,3.0,2,225.0,2.5,2.0,1.0,3.0,2.0,0.0,0.0,0.0,0.0,0.1,0.1,0.7,0.8,4.0,15.0,20.0,0.8,0.4,1.2,0.8,1.2,0.04,0.29,0.32,0.04,0.32,Matches,Atletico Madrid,
Antoine Griezmann,fr FRA,"FW,MF",33-162,3.0,2,202.0,2.2,1.0,2.0,3.0,1.0,0.0,0.0,0.0,0.0,0.3,0.3,0.5,0.7,2.0,11.0,13.0,0.45,0.89,1.34,0.45,1.34,0.11,0.21,0.32,0.11,0.32,Matches,Atletico Madrid,
Koke,es ESP,MF,32-235,3.0,2,185.0,2.1,1.0,0.0,1.0,1.0,0.0,0.0,0.0,0.0,0.9,0.9,0.6,1.6,3.0,11.0,1.0,0.49,0.0,0.49,0.49,0.49,0.44,0.32,0.76,0.44,0.76,Matches,Atletico Madrid,
Rodrigo Riquelme,es ESP,"DF,MF",24-150,2.0,2,147.0,1.6,0.0,0.0,0.0,0.0,0.0,0.0,0.0,0.0,0.4,0.4,0.4,0.9,13.0,9.0,21.0,0.0,0.0,0.0,0.0,0.0,0.27,0.26,0.53,0.27,0.53,Matches,Atletico Madrid,
Rodrigo De Paul,ar ARG,MF,30-098,3.0,2,146.0,1.6,0.0,0.0,0.0,0.0,0.0,0.0,1.0,0.0,0.0,0.0,0.8,0.8,2.0,19.0,11.0,0.0,0.0,0.0,0.0,0.0,0.0,0.51,0.51,0.0,0.51,Matches,Atletico Madrid,
Julián Álvarez,ar ARG,FW,24-212,3.0,2,138.0,1.5,0.0,0.0,0.0,0.0,0.0,0.0,0.0,0.0,0.5,0.5,0.0,0.5,2.0,0.0,10.0,0.0,0.0,0.0,0.0,0.0,0.33,0.01,0.34,0.33,0.34,Matches,Atletico Madrid,
Axel Witsel,be BEL,DF,35-231,2.0,2,135.0,1.5,0.0,0.0,0.0,0.0,0.0,0.0,0.0,0.0,0.0,0.0,0.0,0.0,1.0,3.0,0.0,0.0,0.0,0.0,0.0,0.0,0.0,0.0,0.0,0.0,0.0,Matches,Atletico Madrid,
Alexander Sørloth,no NOR,FW,28-269,3.0,2,127.0,1.4,1.0,0.0,1.0,1.0,0.0,0.0,0.0,0.0,0.7,0.7,0.1,0.8,0.0,2.0,7.0,0.71,0.0,0.71,0.71,0.71,0.49,0.1,0.59,0.49,0.59,Matches,Atletico Madrid,
José María Giménez,uy URU,DF,29-223,2.0,1,135.0,1.5,0.0,0.0,0.0,0.0,0.0,0.0,0.0,0.0,0.0,0.0,0.0,0.0,0.0,5.0,0.0,0.0,0.0,0.0,0.0,0.0,0.0,0.0,0.0,0.0,0.0,Matches,Atletico Madrid,
Reinildo Mandava,mz MOZ,DF,30-222,3.0,1,94.0,1.0,0.0,0.0,0.0,0.0,0.0,0.0,0.0,0.0,0.0,0.0,0.0,0.0,0.0,4.0,4.0,0.0,0.0,0.0,0.0,0.0,0.0,0.05,0.05,0.0,0.05,Matches,Atletico Madrid,
Nahuel Molina,ar ARG,DF,26-146,2.0,1,82.0,0.9,0.0,0.0,0.0,0.0,0.0,0.0,0.0,0.0,0.0,0.0,0.0,0.0,0.0,5.0,13.0,0.0,0.0,0.0,0.0,0.0,0.01,0.0,0.01,0.01,0.01,Matches,Atletico Madrid,
Ángel Correa,ar ARG,"FW,MF",29-174,3.0,0,84.0,0.9,0.0,0.0,0.0,0.0,0.0,0.0,0.0,0.0,0.3,0.3,0.2,0.5,2.0,3.0,10.0,0.0,0.0,0.0,0.0,0.0,0.37,0.17,0.55,0.37,0.55,Matches,Atletico Madrid,
Conor Gallagher,eng ENG,MF,24-206,1.0,0,33.0,0.4,0.0,0.0,0.0,0.0,0.0,0.0,0.0,0.0,0.0,0.0,0.0,0.0,0.0,0.0,1.0,0.0,0.0,0.0,0.0,0.0,0.0,0.0,0.0,0.0,0.0,Matches,Atletico Madrid,
Javi Galán,es ESP,"DF,MF",29-285,0.0,0,,,,,,,,,,,,,,,,,,,,,,,,,,,,Matches,Atletico Madrid,
Antonio Gomis,es ESP,GK,21-102,0.0,0,,,,,,,,,,,,,,,,,,,,,,,,,,,,Matches,Atletico Madrid,
Alejandro Iturbe,es ESP,GK,20-363,0.0,0,,,,,,,,,,,,,,,,,,,,,,,,,,,,Matches,Atletico Madrid,
Ilias Kostis,gr GRE,DF,21-185,0.0,0,,,,,,,,,,,,,,,,,,,,,,,,,,,,Matches,Atletico Madrid,
Clément Lenglet,fr FRA,DF,29-074,0.0,0,,,,,,,,,,,,,,,,,,,,,,,,,,,,Matches,Atletico Madrid,
Horaţiu Moldovan,ro ROU,GK,26-223,0.0,0,,,,,,,,,,,,,,,,,,,,,,,,,,,,Matches,Atletico Madrid,
Juan Musso,ar ARG,GK,30-116,0.0,0,,,,,,,,,,,,,,,,,,,,,,,,,,,,Matches,Atletico Madrid,
Giuliano Simeone,ar ARG,FW,21-256,0.0,0,,,,,,,,,,,,,,,,,,,,,,,,,,,,Matches,Atletico Madrid,
Arthur Vermeeren,be BEL,MF,19-205,0.0,0,,,,,,,,,,,,,,,,,,,,,,,,,,,,Matches,Atletico Madrid,
Squad Total,,,29.3,3.0,33,270.0,3.0,5.0,4.0,9.0,5.0,0.0,0.0,4.0,0.0,4.7,4.7,3.9,8.6,46.0,147.0,147.0,1.67,1.33,3.0,1.67,3.0,1.55,1.31,2.86,1.55,2.86,,Atletico Madrid,
Opponent Total,,,27.4,3.0,33,270.0,3.0,1.0,1.0,2.0,1.0,0.0,0.0,6.0,0.0,2.1,2.1,1.5,3.6,40.0,120.0,120.0,0.33,0.33,0.67,0.33,0.67,0.69,0.51,1.21,0.69,1.21,,Atletico Madrid,
Javi Hernández,es ESP,DF,26-120,3.0,3,270.0,3.0,0.0,1.0,1.0,0.0,0.0,0.0,0.0,0.0,0.2,0.2,0.6,0.8,5.0,6.0,12.0,0.0,0.33,0.33,0.0,0.33,0.06,0.2,0.27,0.06,0.27,Matches,Leganes,
Valentin Rosier,fr FRA,DF,28-011,3.0,3,270.0,3.0,0.0,0.0,0.0,0.0,0.0,0.0,1.0,0.0,0.0,0.0,0.1,0.1,2.0,5.0,7.0,0.0,0.0,0.0,0.0,0.0,0.0,0.03,0.03,0.0,0.03,Matches,Leganes,
Sergi,es ESP,DF,32-132,3.0,3,270.0,3.0,0.0,0.0,0.0,0.0,0.0,0.0,1.0,0.0,0.0,0.0,0.0,0.0,0.0,7.0,0.0,0.0,0.0,0.0,0.0,0.0,0.0,0.0,0.0,0.0,0.0,Matches,Leganes,
Juan Soriano,es ESP,GK,27-007,3.0,3,270.0,3.0,0.0,0.0,0.0,0.0,0.0,0.0,1.0,0.0,0.0,0.0,0.0,0.0,0.0,0.0,0.0,0.0,0.0,0.0,0.0,0.0,0.0,0.0,0.0,0.0,0.0,Matches,Leganes,
Yvan Neyou,cm CMR,MF,27-240,3.0,3,264.0,2.9,0.0,1.0,1.0,0.0,0.0,0.0,1.0,0.0,0.1,0.1,0.0,0.1,2.0,9.0,4.0,0.0,0.34,0.34,0.0,0.34,0.02,0.01,0.03,0.02,0.03,Matches,Leganes,
Miguel,es ESP,FW,24-362,3.0,3,258.0,2.9,0.0,0.0,0.0,0.0,0.0,0.0,1.0,0.0,0.3,0.3,0.0,0.3,3.0,1.0,13.0,0.0,0.0,0.0,0.0,0.0,0.1,0.0,0.1,0.1,0.1,Matches,Leganes,
Seydouba Cissé,gn GUI,MF,23-202,3.0,3,219.0,2.4,0.0,0.0,0.0,0.0,0.0,0.0,0.0,0.0,0.0,0.0,0.0,0.0,3.0,6.0,4.0,0.0,0.0,0.0,0.0,0.0,0.01,0.01,0.02,0.01,0.02,Matches,Leganes,
Aritz Arambarri,es ESP,DF,26-212,2.0,2,177.0,2.0,0.0,0.0,0.0,0.0,0.0,0.0,0.0,0.0,0.0,0.0,0.0,0.0,0.0,2.0,0.0,0.0,0.0,0.0,0.0,0.0,0.01,0.0,0.01,0.01,0.01,Matches,Leganes,
Darko Brašanac,rs SRB,MF,32-200,3.0,2,173.0,1.9,0.0,0.0,0.0,0.0,0.0,0.0,0.0,0.0,0.3,0.3,0.0,0.3,0.0,6.0,2.0,0.0,0.0,0.0,0.0,0.0,0.18,0.0,0.18,0.18,0.18,Matches,Leganes,
Juan Cruz,es ESP,"FW,MF",24-127,3.0,2,156.0,1.7,2.0,0.0,2.0,2.0,0.0,0.0,0.0,0.0,0.4,0.4,0.3,0.7,3.0,7.0,7.0,1.15,0.0,1.15,1.15,1.15,0.26,0.15,0.41,0.26,0.41,Matches,Leganes,
Enric Franquesa,es ESP,FW,27-186,3.0,2,144.0,1.6,1.0,0.0,1.0,1.0,0.0,0.0,1.0,0.0,0.2,0.2,0.0,0.2,1.0,2.0,4.0,0.62,0.0,0.62,0.62,0.62,0.14,0.0,0.14,0.14,0.14,Matches,Leganes,
Óscar Rodríguez Arnaiz,es ESP,"MF,FW",26-063,2.0,1,131.0,1.5,0.0,1.0,1.0,0.0,0.0,0.0,1.0,0.0,0.1,0.1,0.3,0.4,3.0,8.0,4.0,0.0,0.69,0.69,0.0,0.69,0.06,0.23,0.28,0.06,0.28,Matches,Leganes,
Jorge Sáenz,es ESP,DF,27-287,1.0,1,90.0,1.0,0.0,0.0,0.0,0.0,0.0,0.0,1.0,0.0,0.0,0.0,0.0,0.0,0.0,1.0,0.0,0.0,0.0,0.0,0.0,0.0,0.0,0.0,0.0,0.0,0.0,Matches,Leganes,
Dani Raba,es ESP,"MF,FW",28-306,2.0,1,89.0,1.0,0.0,0.0,0.0,0.0,0.0,1.0,0.0,0.0,0.9,0.1,0.2,0.3,2.0,2.0,5.0,0.0,0.0,0.0,0.0,0.0,0.93,0.18,1.11,0.13,0.31,Matches,Leganes,
Julián Chicco,ar ARG,MF,26-230,2.0,1,87.0,1.0,0.0,0.0,0.0,0.0,0.0,0.0,0.0,0.0,0.0,0.0,0.0,0.0,2.0,4.0,1.0,0.0,0.0,0.0,0.0,0.0,0.0,0.0,0.0,0.0,0.0,Matches,Leganes,
Renato Tapia,pe PER,MF,29-033,3.0,0,38.0,0.4,0.0,0.0,0.0,0.0,0.0,0.0,0.0,0.0,0.0,0.0,0.0,0.0,0.0,0.0,1.0,0.0,0.0,0.0,0.0,0.0,0.0,0.0,0.0,0.0,0.0,Matches,Leganes,
Roberto López,es ESP,"FW,DF",24-128,2.0,0,28.0,0.3,0.0,0.0,0.0,0.0,0.0,0.0,0.0,0.0,0.0,0.0,0.0,0.0,0.0,0.0,2.0,0.0,0.0,0.0,0.0,0.0,0.09,0.0,0.09,0.09,0.09,Matches,Leganes,
Munir El Haddadi,ma MAR,FW,28-364,1.0,0,20.0,0.2,0.0,0.0,0.0,0.0,0.0,0.0,0.0,0.0,0.0,0.0,0.0,0.0,0.0,0.0,0.0,0.0,0.0,0.0,0.0,0.0,0.0,0.0,0.0,0.0,0.0,Matches,Leganes,
Diego,es ESP,FW,24-134,2.0,0,12.0,0.1,0.0,0.0,0.0,0.0,0.0,0.0,0.0,0.0,0.0,0.0,0.0,0.0,1.0,0.0,0.0,0.0,0.0,0.0,0.0,0.0,0.31,0.0,0.31,0.31,0.31,Matches,Leganes,
Adrià Altimira,es ESP,MF,23-155,1.0,0,4.0,0.0,0.0,0.0,0.0,0.0,0.0,0.0,0.0,0.0,0.0,0.0,0.0,0.0,0.0,0.0,0.0,0.0,0.0,0.0,0.0,0.0,0.0,0.0,0.0,0.0,0.0,Matches,Leganes,
Álvaro Abajas,es ESP,GK,21-110,0.0,0,,,,,,,,,,,,,,,,,,,,,,,,,,,,Matches,Leganes,
Lalo Aguilar,es ESP,DF,22-080,0.0,0,,,,,,,,,,,,,,,,,,,,,,,,,,,,Matches,Leganes,
Marko Dmitrović,rs SRB,GK,32-219,0.0,0,,,,,,,,,,,,,,,,,,,,,,,,,,,,Matches,Leganes,
Álex Gil,es ESP,MF,21-207,0.0,0,,,,,,,,,,,,,,,,,,,,,,,,,,,,Matches,Leganes,
Carlos Guirao,es ESP,MF,21-125,0.0,0,,,,,,,,,,,,,,,,,,,,,,,,,,,,Matches,Leganes,
Jackson Porozo,ec ECU,DF,24-026,0.0,0,,,,,,,,,,,,,,,,,,,,,,,,,,,,Matches,Leganes,
João Urbáez,do DOM,DF,22-037,0.0,0,,,,,,,,,,,,,,,,,,,,,,,,,,,,Matches,Leganes,
Squad Total,,,27.4,3.0,33,270.0,3.0,3.0,3.0,6.0,3.0,0.0,1.0,8.0,0.0,2.6,1.8,1.5,3.4,27.0,66.0,66.0,1.0,1.0,2.0,1.0,2.0,0.88,0.51,1.39,0.62,1.13,,Leganes,
Opponent Total,,,27.4,3.0,33,270.0,3.0,1.0,1.0,2.0,1.0,0.0,0.0,5.0,0.0,3.7,3.7,2.9,6.6,51.0,112.0,110.0,0.33,0.33,0.67,0.33,0.67,1.24,0.98,2.21,1.24,2.21,,Leganes,
Daley Blind,nl NED,DF,34-174,3.0,3,270.0,3.0,0.0,0.0,0.0,0.0,0.0,0.0,0.0,0.0,0.0,0.0,0.3,0.3,8.0,36.0,4.0,0.0,0.0,0.0,0.0,0.0,0.0,0.09,0.09,0.0,0.09,Matches,Girona,
Paulo Gazzaniga,ar ARG,GK,32-241,3.0,3,270.0,3.0,0.0,0.0,0.0,0.0,0.0,0.0,1.0,0.0,0.0,0.0,0.0,0.0,0.0,0.0,0.0,0.0,0.0,0.0,0.0,0.0,0.0,0.0,0.0,0.0,0.0,Matches,Girona,
Miguel Gutiérrez,es ESP,DF,23-034,3.0,3,270.0,3.0,0.0,0.0,0.0,0.0,0.0,0.0,0.0,0.0,0.0,0.0,0.3,0.3,6.0,9.0,23.0,0.0,0.0,0.0,0.0,0.0,0.01,0.11,0.12,0.01,0.12,Matches,Girona,
David López,es ESP,DF,34-326,3.0,3,270.0,3.0,0.0,0.0,0.0,0.0,0.0,0.0,0.0,0.0,0.0,0.0,0.0,0.0,4.0,15.0,1.0,0.0,0.0,0.0,0.0,0.0,0.0,0.0,0.0,0.0,0.0,Matches,Girona,
Bryan Gil,es ESP,"FW,MF",23-201,3.0,3,250.0,2.8,1.0,0.0,1.0,1.0,0.0,0.0,0.0,0.0,0.7,0.7,0.5,1.1,7.0,15.0,33.0,0.36,0.0,0.36,0.36,0.36,0.25,0.17,0.41,0.25,0.41,Matches,Girona,
Iván Martín,es ESP,MF,25-198,3.0,3,237.0,2.6,0.0,0.0,0.0,0.0,0.0,0.0,0.0,0.0,0.0,0.0,0.3,0.3,7.0,16.0,15.0,0.0,0.0,0.0,0.0,0.0,0.0,0.11,0.11,0.0,0.11,Matches,Girona,
Yangel Herrera,ve VEN,MF,26-229,3.0,3,223.0,2.5,0.0,1.0,1.0,0.0,0.0,0.0,0.0,0.0,0.1,0.1,0.2,0.4,1.0,20.0,11.0,0.0,0.4,0.4,0.0,0.4,0.05,0.1,0.15,0.05,0.15,Matches,Girona,
Abel Ruiz,es ESP,FW,24-215,3.0,3,211.0,2.3,1.0,0.0,1.0,1.0,0.0,0.0,1.0,0.0,1.0,1.0,0.0,1.0,8.0,6.0,16.0,0.43,0.0,0.43,0.43,0.43,0.41,0.01,0.42,0.41,0.42,Matches,Girona,
Arnau Martinez,es ESP,DF,21-127,2.0,2,180.0,2.0,0.0,0.0,0.0,0.0,0.0,0.0,0.0,0.0,0.0,0.0,0.0,0.0,1.0,22.0,4.0,0.0,0.0,0.0,0.0,0.0,0.0,0.02,0.02,0.0,0.02,Matches,Girona,
Oriol Romeu,es ESP,MF,32-341,3.0,2,150.0,1.7,0.0,0.0,0.0,0.0,0.0,0.0,1.0,0.0,0.0,0.0,0.0,0.0,2.0,10.0,2.0,0.0,0.0,0.0,0.0,0.0,0.02,0.0,0.02,0.02,0.02,Matches,Girona,
Viktor Tsyhankov,ua UKR,"MF,FW",26-289,2.0,2,147.0,1.6,1.0,1.0,2.0,1.0,0.0,0.0,0.0,0.0,0.6,0.6,0.3,0.9,4.0,4.0,25.0,0.61,0.61,1.22,0.61,1.22,0.36,0.17,0.53,0.36,0.53,Matches,Girona,
Portu,es ESP,"FW,MF",32-101,3.0,1,108.0,1.2,0.0,0.0,0.0,0.0,0.0,0.0,0.0,0.0,0.0,0.0,0.0,0.1,1.0,2.0,12.0,0.0,0.0,0.0,0.0,0.0,0.04,0.04,0.08,0.04,0.08,Matches,Girona,
Bojan Miovski,mk MKD,FW,25-067,2.0,1,95.0,1.1,0.0,0.0,0.0,0.0,0.0,0.0,0.0,0.0,0.1,0.1,0.0,0.1,0.0,1.0,6.0,0.0,0.0,0.0,0.0,0.0,0.14,0.0,0.14,0.14,0.14,Matches,Girona,
Alejandro Francés,es ESP,DF,22-029,1.0,1,90.0,1.0,0.0,0.0,0.0,0.0,0.0,0.0,0.0,0.0,0.0,0.0,0.0,0.0,2.0,6.0,3.0,0.0,0.0,0.0,0.0,0.0,0.02,0.0,0.02,0.02,0.02,Matches,Girona,
Jhon Solis,co COL,MF,19-332,2.0,0,57.0,0.6,0.0,0.0,0.0,0.0,0.0,0.0,0.0,0.0,0.0,0.0,0.0,0.0,0.0,5.0,1.0,0.0,0.0,0.0,0.0,0.0,0.02,0.0,0.02,0.02,0.02,Matches,Girona,
Iker Almena,es ESP,"FW,DF",20-118,2.0,0,48.0,0.5,0.0,1.0,1.0,0.0,0.0,0.0,0.0,0.0,0.0,0.0,0.7,0.7,6.0,2.0,10.0,0.0,1.87,1.87,0.0,1.87,0.06,1.27,1.33,0.06,1.33,Matches,Girona,
Cristhian Stuani,uy URU,FW,37-323,2.0,0,37.0,0.4,1.0,0.0,1.0,1.0,0.0,0.0,0.0,0.0,1.1,1.1,0.0,1.1,0.0,0.0,2.0,2.43,0.0,2.43,2.43,2.43,2.67,0.0,2.67,2.67,2.67,Matches,Girona,
Gabriel Osei Misehouy,nl NED,"FW,MF",19-043,1.0,0,20.0,0.2,1.0,0.0,1.0,1.0,0.0,0.0,0.0,0.0,0.8,0.8,0.0,0.8,1.0,2.0,1.0,4.5,0.0,4.5,4.5,4.5,3.26,0.13,3.39,3.26,3.39,Matches,Girona,
Yaser Asprilla,co COL,"MF,FW",20-285,1.0,0,17.0,0.2,0.0,0.0,0.0,0.0,0.0,0.0,0.0,0.0,0.0,0.0,0.0,0.0,3.0,1.0,1.0,0.0,0.0,0.0,0.0,0.0,0.0,0.0,0.0,0.0,0.0,Matches,Girona,
Donny van de Beek,nl NED,FW,27-134,1.0,0,10.0,0.1,0.0,1.0,1.0,0.0,0.0,0.0,0.0,0.0,0.0,0.0,0.9,0.9,0.0,0.0,2.0,0.0,9.0,9.0,0.0,9.0,0.0,8.2,8.2,0.0,8.2,Matches,Girona,
Ladislav Krejčí,cz CZE,DF,25-132,1.0,0,10.0,0.1,0.0,0.0,0.0,0.0,0.0,0.0,0.0,0.0,0.0,0.0,0.0,0.0,0.0,0.0,0.0,0.0,0.0,0.0,0.0,0.0,0.0,0.0,0.0,0.0,0.0,Matches,Girona,
Juan Carlos,es ESP,GK,36-223,0.0,0,,,,,,,,,,,,,,,,,,,,,,,,,,,,Matches,Girona,
Juanpe,es ESP,DF,33-122,0.0,0,,,,,,,,,,,,,,,,,,,,,,,,,,,,Matches,Girona,
Pau López,es ESP,GK,29-261,0.0,0,,,,,,,,,,,,,,,,,,,,,,,,,,,,Matches,Girona,
Joel Roca,es ESP,FW,19-084,0.0,0,,,,,,,,,,,,,,,,,,,,,,,,,,,,Matches,Girona,
Toni Villa,es ESP,"FW,MF",29-236,0.0,0,,,,,,,,,,,,,,,,,,,,,,,,,,,,Matches,Girona,
Squad Total,,,27.7,3.0,33,270.0,3.0,5.0,4.0,9.0,5.0,0.0,0.0,3.0,0.0,4.5,4.5,3.6,8.1,61.0,172.0,172.0,1.67,1.33,3.0,1.67,3.0,1.52,1.19,2.71,1.52,2.71,,Girona,
Opponent Total,,,28.9,3.0,33,270.0,3.0,4.0,3.0,7.0,4.0,0.0,0.0,3.0,0.0,2.6,2.6,2.2,4.8,38.0,76.0,76.0,1.33,1.0,2.33,1.33,2.33,0.87,0.72,1.59,0.87,1.59,,Girona,
Yeray Álvarez,es ESP,DF,29-219,,3,270.0,3.0,0.0,0.0,0.0,0.0,0.0,0.0,1.0,0.0,0.1,0.1,0.0,0.1,3.0,16.0,0.0,0.0,0.0,0.0,0.0,0.0,0.03,0.01,0.04,0.03,0.04,Matches,Athletic Club,3.0
Iñaki Williams,gh GHA,FW,30-076,,3,257.0,2.9,0.0,0.0,0.0,0.0,0.0,0.0,0.0,0.0,0.3,0.3,0.4,0.7,5.0,6.0,22.0,0.0,0.0,0.0,0.0,0.0,0.12,0.13,0.25,0.12,0.25,Matches,Athletic Club,3.0
Oihan Sancet,es ESP,MF,24-127,,3,220.0,2.4,2.0,0.0,2.0,1.0,1.0,1.0,0.0,0.0,1.3,0.5,0.0,0.5,7.0,10.0,9.0,0.82,0.0,0.82,0.41,0.41,0.51,0.01,0.52,0.19,0.2,Matches,Athletic Club,3.0
Beñat Prados,es ESP,MF,23-204,,3,203.0,2.3,1.0,0.0,1.0,1.0,0.0,0.0,2.0,0.0,0.1,0.1,0.1,0.2,3.0,7.0,3.0,0.44,0.0,0.44,0.44,0.44,0.03,0.04,0.07,0.03,0.07,Matches,Athletic Club,3.0
Daniel Vivian,es ESP,DF,25-046,,2,190.0,2.1,0.0,0.0,0.0,0.0,0.0,0.0,0.0,0.0,0.0,0.0,0.0,0.0,0.0,6.0,0.0,0.0,0.0,0.0,0.0,0.0,0.0,0.0,0.0,0.0,0.0,Matches,Athletic Club,3.0
Yuri Berchiche,es ESP,DF,34-202,,2,180.0,2.0,0.0,0.0,0.0,0.0,0.0,0.0,0.0,0.0,0.0,0.0,0.1,0.1,2.0,12.0,2.0,0.0,0.0,0.0,0.0,0.0,0.01,0.04,0.05,0.01,0.05,Matches,Athletic Club,2.0
Alex Padilla,es ESP,GK,20-364,,2,180.0,2.0,0.0,0.0,0.0,0.0,0.0,0.0,0.0,0.0,0.0,0.0,0.0,0.0,0.0,0.0,0.0,0.0,0.0,0.0,0.0,0.0,0.0,0.0,0.0,0.0,0.0,Matches,Athletic Club,2.0
Gorka Guruzeta,es ESP,FW,27-353,,2,172.0,1.9,0.0,1.0,1.0,0.0,0.0,0.0,0.0,0.0,0.4,0.4,0.1,0.5,0.0,1.0,10.0,0.0,0.52,0.52,0.0,0.52,0.21,0.06,0.27,0.21,0.27,Matches,Athletic Club,3.0
Álex Berenguer,es ESP,FW,29-057,,2,142.0,1.6,0.0,0.0,0.0,0.0,0.0,0.0,1.0,0.0,0.0,0.0,0.0,0.1,3.0,2.0,12.0,0.0,0.0,0.0,0.0,0.0,0.02,0.03,0.04,0.02,0.04,Matches,Athletic Club,2.0
Mikel Vesga,es ESP,MF,31-101,,2,139.0,1.5,0.0,0.0,0.0,0.0,0.0,0.0,0.0,0.0,0.0,0.0,0.0,0.0,0.0,8.0,2.0,0.0,0.0,0.0,0.0,0.0,0.0,0.02,0.02,0.0,0.02,Matches,Athletic Club,3.0
Nico Williams,es ESP,FW,22-049,,1,142.0,1.6,0.0,0.0,0.0,0.0,0.0,0.0,0.0,0.0,0.5,0.5,0.0,0.5,8.0,4.0,16.0,0.0,0.0,0.0,0.0,0.0,0.3,0.01,0.31,0.3,0.31,Matches,Athletic Club,3.0
Mikel Jauregizar,es ESP,MF,20-292,,1,118.0,1.3,0.0,0.0,0.0,0.0,0.0,0.0,1.0,0.0,0.0,0.0,0.1,0.1,0.0,6.0,1.0,0.0,0.0,0.0,0.0,0.0,0.0,0.07,0.07,0.0,0.07,Matches,Athletic Club,2.0
Iñigo Lekue,es ESP,DF,31-118,,1,112.0,1.2,0.0,0.0,0.0,0.0,0.0,0.0,1.0,0.0,0.0,0.0,0.0,0.0,3.0,7.0,2.0,0.0,0.0,0.0,0.0,0.0,0.0,0.02,0.02,0.0,0.02,Matches,Athletic Club,3.0
Julen Agirrezabala,es ESP,GK,23-248,,1,90.0,1.0,0.0,0.0,0.0,0.0,0.0,0.0,0.0,0.0,0.0,0.0,0.0,0.0,0.0,0.0,0.0,0.0,0.0,0.0,0.0,0.0,0.0,0.0,0.0,0.0,0.0,Matches,Athletic Club,1.0
Óscar de Marcos,es ESP,DF,35-138,,1,90.0,1.0,0.0,1.0,1.0,0.0,0.0,0.0,0.0,0.0,0.0,0.0,0.0,0.0,1.0,4.0,1.0,0.0,1.0,1.0,0.0,1.0,0.0,0.03,0.03,0.0,0.03,Matches,Athletic Club,1.0
Andoni Gorosabel,es ESP,DF,28-026,,1,80.0,0.9,0.0,0.0,0.0,0.0,0.0,0.0,1.0,0.0,0.0,0.0,0.0,0.0,0.0,1.0,4.0,0.0,0.0,0.0,0.0,0.0,0.0,0.0,0.0,0.0,0.0,Matches,Athletic Club,1.0
Aitor Paredes,es ESP,DF,24-123,,1,80.0,0.9,0.0,0.0,0.0,0.0,0.0,0.0,0.0,0.0,0.0,0.0,0.0,0.0,0.0,3.0,0.0,0.0,0.0,0.0,0.0,0.0,0.0,0.03,0.03,0.0,0.03,Matches,Athletic Club,1.0
Adama Boiro,es ESP,DF,22-069,,1,78.0,0.9,0.0,0.0,0.0,0.0,0.0,0.0,0.0,0.0,0.0,0.0,0.0,0.0,0.0,4.0,1.0,0.0,0.0,0.0,0.0,0.0,0.0,0.0,0.0,0.0,0.0,Matches,Athletic Club,1.0
Álvaro djaló,es ESP,FW,25-014,,1,57.0,0.6,0.0,0.0,0.0,0.0,0.0,0.0,0.0,0.0,0.0,0.0,0.0,0.0,4.0,0.0,8.0,0.0,0.0,0.0,0.0,0.0,0.0,0.0,0.0,0.0,0.0,Matches,Athletic Club,1.0
Unai Gómez,es ESP,MF,21-097,,0,84.0,0.9,0.0,0.0,0.0,0.0,0.0,0.0,1.0,0.0,0.1,0.1,0.0,0.1,0.0,1.0,2.0,0.0,0.0,0.0,0.0,0.0,0.08,0.0,0.08,0.08,0.08,Matches,Athletic Club,3.0
Ander Herrera,es ESP,MF,35-016,,0,47.0,0.5,0.0,0.0,0.0,0.0,0.0,0.0,2.0,0.0,0.0,0.0,0.1,0.1,0.0,2.0,1.0,0.0,0.0,0.0,0.0,0.0,0.0,0.18,0.18,0.0,0.18,Matches,Athletic Club,2.0
Javi Martón,es ESP,FW,25-116,,0,20.0,0.2,0.0,0.0,0.0,0.0,0.0,0.0,0.0,0.0,0.0,0.0,0.0,0.0,0.0,0.0,1.0,0.0,0.0,0.0,0.0,0.0,0.0,0.0,0.0,0.0,0.0,Matches,Athletic Club,1.0
Adu Ares,es ESP,FW,22-323,,0,19.0,0.2,0.0,0.0,0.0,0.0,0.0,0.0,0.0,0.0,0.0,0.0,0.0,0.0,1.0,3.0,2.0,0.0,0.0,0.0,0.0,0.0,0.0,0.0,0.0,0.0,0.0,Matches,Athletic Club,1.0
Unai Eguíluz,es ESP,DF,22-164,,0,,,,,,,,,,,,,,,,,,,,,,,,,,,,Matches,Athletic Club,0.0
Oier Gastesi,es ESP,GK,20-305,,0,,,,,,,,,,,,,,,,,,,,,,,,,,,,Matches,Athletic Club,0.0
Nicolás Serrano,es ESP,MF,21-178,,0,,,,,,,,,,,,,,,,,,,,,,,,,,,,Matches,Athletic Club,0.0
Squad Total,,,27.0,,33,270.0,3.0,3.0,2.0,5.0,2.0,1.0,1.0,10.0,0.0,2.7,1.9,1.1,3.0,40.0,103.0,99.0,1.0,0.67,1.67,0.67,1.33,0.9,0.36,1.26,0.64,1.0,,Athletic Club,3.0
Opponent Total,,,25.7,,33,270.0,3.0,3.0,1.0,4.0,3.0,0.0,0.0,8.0,0.0,2.7,2.7,2.2,5.0,31.0,87.0,86.0,1.0,0.33,1.33,1.0,1.33,0.91,0.74,1.65,0.91,1.65,,Athletic Club,3.0
Cárdenas,es ESP,GK,27-155,,3,270.0,3.0,0.0,0.0,0.0,0.0,0.0,0.0,0.0,0.0,0.0,0.0,0.0,0.0,0.0,0.0,0.0,0.0,0.0,0.0,0.0,0.0,0.0,0.0,0.0,0.0,0.0,Matches,Rayo Vallecano,3.0
Alfonso Espino,uy URU,DF,32-238,,3,270.0,3.0,0.0,0.0,0.0,0.0,0.0,0.0,1.0,0.0,0.1,0.1,0.0,0.1,5.0,7.0,7.0,0.0,0.0,0.0,0.0,0.0,0.02,0.01,0.03,0.02,0.03,Matches,Rayo Vallecano,3.0
Florian Lejeune,fr FRA,DF,33-102,,3,270.0,3.0,0.0,0.0,0.0,0.0,0.0,0.0,1.0,0.0,0.1,0.1,0.0,0.1,1.0,10.0,0.0,0.0,0.0,0.0,0.0,0.0,0.03,0.0,0.03,0.03,0.03,Matches,Rayo Vallecano,3.0
Abdul Mumin,gh GHA,DF,26-085,,3,270.0,3.0,0.0,1.0,1.0,0.0,0.0,0.0,1.0,0.0,0.0,0.0,0.2,0.2,2.0,4.0,0.0,0.0,0.33,0.33,0.0,0.33,0.0,0.05,0.05,0.0,0.05,Matches,Rayo Vallecano,3.0
Óscar Valentín,es ESP,MF,30-010,,3,247.0,2.7,0.0,0.0,0.0,0.0,0.0,0.0,0.0,0.0,0.0,0.0,0.0,0.0,2.0,10.0,0.0,0.0,0.0,0.0,0.0,0.0,0.0,0.0,0.0,0.0,0.0,Matches,Rayo Vallecano,3.0
Jorge de Frutos,es ESP,"MF,FW",27-192,,3,200.0,2.2,1.0,1.0,2.0,1.0,0.0,0.0,0.0,0.0,0.2,0.2,0.1,0.2,6.0,2.0,14.0,0.45,0.45,0.9,0.45,0.9,0.07,0.04,0.11,0.07,0.11,Matches,Rayo Vallecano,3.0
Isaac Palazón Camacho,es ESP,"FW,MF",29-247,,2,207.0,2.3,0.0,0.0,0.0,0.0,0.0,0.0,1.0,0.0,0.1,0.1,0.1,0.2,1.0,6.0,11.0,0.0,0.0,0.0,0.0,0.0,0.04,0.06,0.1,0.04,0.1,Matches,Rayo Vallecano,3.0
Adri Embarba,es ESP,"MF,FW",32-115,,2,193.0,2.1,0.0,0.0,0.0,0.0,0.0,0.0,1.0,0.0,0.1,0.1,0.0,0.2,4.0,5.0,3.0,0.0,0.0,0.0,0.0,0.0,0.05,0.02,0.07,0.05,0.07,Matches,Rayo Vallecano,3.0
Iván Balliu,al ALB,DF,32-242,,2,191.0,2.1,0.0,0.0,0.0,0.0,0.0,0.0,0.0,0.0,0.0,0.0,0.0,0.0,2.0,5.0,2.0,0.0,0.0,0.0,0.0,0.0,0.0,0.0,0.0,0.0,0.0,Matches,Rayo Vallecano,3.0
Randy Nteka,ao ANG,FW,26-268,,2,160.0,1.8,0.0,0.0,0.0,0.0,0.0,0.0,1.0,0.0,0.0,0.0,0.2,0.2,0.0,3.0,5.0,0.0,0.0,0.0,0.0,0.0,0.0,0.14,0.14,0.0,0.14,Matches,Rayo Vallecano,3.0
Unai López,es ESP,MF,28-305,,2,119.0,1.3,1.0,0.0,1.0,1.0,0.0,0.0,1.0,0.0,0.1,0.1,0.0,0.1,0.0,3.0,5.0,0.76,0.0,0.76,0.76,0.76,0.06,0.0,0.06,0.06,0.06,Matches,Rayo Vallecano,3.0
Pathé Ciss,sn SEN,MF,30-167,,1,122.0,1.4,0.0,1.0,1.0,0.0,0.0,0.0,2.0,0.0,0.0,0.0,0.2,0.2,2.0,8.0,1.0,0.0,0.74,0.74,0.0,0.74,0.0,0.17,0.17,0.0,0.17,Matches,Rayo Vallecano,3.0
Sergio Camello,es ESP,FW,23-202,,1,110.0,1.2,1.0,0.0,1.0,1.0,0.0,0.0,0.0,0.0,0.2,0.2,0.1,0.4,2.0,0.0,9.0,0.82,0.0,0.82,0.82,0.82,0.19,0.11,0.29,0.19,0.29,Matches,Rayo Vallecano,3.0
Álvaro García,es ESP,"MF,FW",31-308,,1,82.0,0.9,0.0,0.0,0.0,0.0,0.0,0.0,0.0,0.0,0.1,0.1,0.0,0.1,0.0,5.0,7.0,0.0,0.0,0.0,0.0,0.0,0.09,0.0,0.09,0.09,0.09,Matches,Rayo Vallecano,2.0
Andrei Ratiu,ro ROU,DF,26-071,,1,79.0,0.9,0.0,0.0,0.0,0.0,0.0,0.0,0.0,0.0,0.4,0.4,0.0,0.4,2.0,1.0,1.0,0.0,0.0,0.0,0.0,0.0,0.45,0.0,0.45,0.45,0.45,Matches,Rayo Vallecano,1.0
Óscar Trejo,ar ARG,MF,36-126,,1,63.0,0.7,0.0,0.0,0.0,0.0,0.0,0.0,0.0,0.0,0.2,0.2,0.0,0.2,1.0,2.0,2.0,0.0,0.0,0.0,0.0,0.0,0.3,0.0,0.3,0.3,0.3,Matches,Rayo Vallecano,1.0
Gerard Gumbau,es ESP,MF,29-256,,0,72.0,0.8,0.0,0.0,0.0,0.0,0.0,0.0,0.0,0.0,0.2,0.2,0.0,0.2,1.0,0.0,2.0,0.0,0.0,0.0,0.0,0.0,0.25,0.0,0.25,0.25,0.25,Matches,Rayo Vallecano,2.0
Pep Chavarría,es ESP,"MF,FW",26-142,,0,39.0,0.4,0.0,0.0,0.0,0.0,0.0,0.0,0.0,0.0,0.0,0.0,0.0,0.0,2.0,1.0,3.0,0.0,0.0,0.0,0.0,0.0,0.0,0.0,0.0,0.0,0.0,Matches,Rayo Vallecano,2.0
Pedro Díaz,es ESP,FW,26-086,,0,6.0,0.1,0.0,0.0,0.0,0.0,0.0,0.0,0.0,0.0,0.0,0.0,0.0,0.0,0.0,1.0,0.0,0.0,0.0,0.0,0.0,0.0,0.0,0.0,0.0,0.0,0.0,Matches,Rayo Vallecano,1.0
Augusto Batalla,ar ARG,GK,28-122,,0,,,,,,,,,,,,,,,,,,,,,,,,,,,,Matches,Rayo Vallecano,0.0
Etienne Eto'o,cm CMR,FW,22-012,,0,,,,,,,,,,,,,,,,,,,,,,,,,,,,Matches,Rayo Vallecano,0.0
Pelayo Fernandez,es ESP,DF,21-123,,0,,,,,,,,,,,,,,,,,,,,,,,,,,,,Matches,Rayo Vallecano,0.0
Aridane Hernández,es ESP,DF,35-160,,0,,,,,,,,,,,,,,,,,,,,,,,,,,,,Matches,Rayo Vallecano,0.0
Marco de las Sías,es ESP,DF,18-245,,0,,,,,,,,,,,,,,,,,,,,,,,,,,,,Matches,Rayo Vallecano,0.0
Morro,es ESP,GK,23-354,,0,,,,,,,,,,,,,,,,,,,,,,,,,,,,Matches,Rayo Vallecano,0.0
Raúl de Tomás,es ESP,FW,29-318,,0,,,,,,,,,,,,,,,,,,,,,,,,,,,,Matches,Rayo Vallecano,0.0
Squad Total,,,29.7,,33,270.0,3.0,3.0,3.0,6.0,3.0,0.0,0.0,9.0,0.0,1.7,1.7,1.0,2.8,33.0,73.0,72.0,1.0,1.0,2.0,1.0,2.0,0.57,0.35,0.92,0.57,0.92,,Rayo Vallecano,3.0
Opponent Total,,,26.3,,33,270.0,3.0,3.0,2.0,5.0,3.0,0.0,0.0,4.0,0.0,3.0,3.0,2.1,5.1,48.0,126.0,126.0,1.0,0.67,1.67,1.0,1.67,0.99,0.7,1.68,0.99,1.68,,Rayo Vallecano,3.0
Abdel Abqar,ma MAR,DF,25-173,3.0,3,270.0,3.0,0.0,0.0,0.0,0.0,0.0,0.0,1.0,0.0,0.0,0.0,0.0,0.0,5.0,12.0,0.0,0.0,0.0,0.0,0.0,0.0,0.0,0.01,0.01,0.0,0.01,Matches,Alaves,
Antonio Sivera,es ESP,GK,28-019,3.0,3,270.0,3.0,0.0,0.0,0.0,0.0,0.0,0.0,1.0,0.0,0.0,0.0,0.0,0.0,0.0,0.0,0.0,0.0,0.0,0.0,0.0,0.0,0.0,0.0,0.0,0.0,0.0,Matches,Alaves,
Carlos Vicente,es ESP,"MF,DF",25-129,3.0,3,266.0,3.0,0.0,0.0,0.0,0.0,0.0,0.0,0.0,0.0,0.0,0.0,0.2,0.2,11.0,5.0,17.0,0.0,0.0,0.0,0.0,0.0,0.01,0.07,0.08,0.01,0.08,Matches,Alaves,
Ander Guevara,es ESP,MF,27-054,3.0,3,245.0,2.7,0.0,0.0,0.0,0.0,0.0,0.0,0.0,0.0,0.1,0.1,0.0,0.1,6.0,19.0,2.0,0.0,0.0,0.0,0.0,0.0,0.04,0.01,0.04,0.04,0.04,Matches,Alaves,
Kiké,es ESP,FW,34-279,3.0,2,183.0,2.0,1.0,0.0,1.0,1.0,0.0,0.0,0.0,0.0,0.7,0.7,0.1,0.7,0.0,1.0,8.0,0.49,0.0,0.49,0.49,0.49,0.32,0.03,0.35,0.32,0.35,Matches,Alaves,
Antonio Blanco,es ESP,MF,24-038,3.0,2,181.0,2.0,0.0,1.0,1.0,0.0,0.0,0.0,0.0,0.0,0.1,0.1,0.3,0.4,1.0,15.0,2.0,0.0,0.5,0.5,0.0,0.5,0.04,0.17,0.21,0.04,0.21,Matches,Alaves,
Nahuel Tenaglia,ar ARG,DF,28-191,2.0,2,180.0,2.0,0.0,0.0,0.0,0.0,0.0,0.0,0.0,0.0,0.0,0.0,0.0,0.0,2.0,4.0,7.0,0.0,0.0,0.0,0.0,0.0,0.0,0.0,0.0,0.0,0.0,Matches,Alaves,
Jon Guridi,es ESP,MF,29-184,3.0,2,171.0,1.9,0.0,0.0,0.0,0.0,0.0,0.0,0.0,0.0,0.0,0.0,0.1,0.1,5.0,10.0,7.0,0.0,0.0,0.0,0.0,0.0,0.02,0.03,0.05,0.02,0.05,Matches,Alaves,
Moussa Diarra,ml MLI,DF,23-294,3.0,2,155.0,1.7,0.0,0.0,0.0,0.0,0.0,0.0,0.0,0.0,0.0,0.0,0.0,0.0,1.0,4.0,1.0,0.0,0.0,0.0,0.0,0.0,0.0,0.0,0.0,0.0,0.0,Matches,Alaves,
Tomás Conechny,ar ARG,"FW,MF",26-153,2.0,2,127.0,1.4,0.0,0.0,0.0,0.0,0.0,0.0,1.0,0.0,0.1,0.1,0.0,0.1,3.0,1.0,8.0,0.0,0.0,0.0,0.0,0.0,0.04,0.01,0.06,0.04,0.06,Matches,Alaves,
Stoichkov,es ESP,"FW,MF",30-299,3.0,1,128.0,1.4,0.0,0.0,0.0,0.0,0.0,0.0,1.0,0.0,0.2,0.2,0.0,0.2,4.0,11.0,13.0,0.0,0.0,0.0,0.0,0.0,0.13,0.03,0.16,0.13,0.16,Matches,Alaves,
Hugo Novoa,es ESP,"DF,FW",21-242,2.0,1,123.0,1.4,0.0,0.0,0.0,0.0,0.0,0.0,0.0,0.0,0.5,0.5,0.0,0.5,2.0,2.0,7.0,0.0,0.0,0.0,0.0,0.0,0.36,0.0,0.36,0.36,0.36,Matches,Alaves,
Manu Sánchez,es ESP,DF,24-006,2.0,1,118.0,1.3,0.0,0.0,0.0,0.0,0.0,0.0,1.0,0.0,0.0,0.0,0.1,0.1,2.0,6.0,5.0,0.0,0.0,0.0,0.0,0.0,0.0,0.06,0.06,0.0,0.06,Matches,Alaves,
Pica,es ESP,DF,22-242,1.0,1,90.0,1.0,0.0,0.0,0.0,0.0,0.0,0.0,0.0,0.0,0.1,0.1,0.0,0.1,1.0,2.0,0.0,0.0,0.0,0.0,0.0,0.0,0.06,0.03,0.09,0.06,0.09,Matches,Alaves,
Luka Romero,ar ARG,"FW,MF",19-286,2.0,1,87.0,1.0,0.0,0.0,0.0,0.0,0.0,0.0,0.0,0.0,0.0,0.0,0.0,0.0,1.0,0.0,6.0,0.0,0.0,0.0,0.0,0.0,0.0,0.04,0.04,0.0,0.04,Matches,Alaves,
Aleksandar Sedlar,rs SRB,DF,32-261,1.0,1,85.0,0.9,0.0,0.0,0.0,0.0,0.0,0.0,1.0,1.0,0.0,0.0,0.0,0.0,0.0,1.0,0.0,0.0,0.0,0.0,0.0,0.0,0.0,0.0,0.0,0.0,0.0,Matches,Alaves,
Asier Villalibre,es ESP,FW,26-335,2.0,1,73.0,0.8,1.0,0.0,1.0,0.0,1.0,1.0,0.0,0.0,1.2,0.4,0.0,0.4,2.0,0.0,3.0,1.23,0.0,1.23,0.0,0.0,1.52,0.0,1.52,0.55,0.55,Matches,Alaves,
Carlos Benavídez,uy URU,MF,26-153,3.0,1,70.0,0.8,0.0,0.0,0.0,0.0,0.0,0.0,0.0,0.0,0.0,0.0,0.3,0.3,1.0,5.0,1.0,0.0,0.0,0.0,0.0,0.0,0.02,0.43,0.45,0.02,0.45,Matches,Alaves,
Abderrahman Rebbach,dz ALG,"FW,MF",26-019,1.0,1,69.0,0.8,0.0,0.0,0.0,0.0,0.0,0.0,1.0,0.0,0.0,0.0,0.0,0.0,2.0,0.0,6.0,0.0,0.0,0.0,0.0,0.0,0.0,0.02,0.02,0.0,0.02,Matches,Alaves,
Carlos Martín,es ESP,FW,22-130,1.0,0,30.0,0.3,0.0,0.0,0.0,0.0,0.0,0.0,0.0,0.0,0.0,0.0,0.0,0.0,0.0,1.0,0.0,0.0,0.0,0.0,0.0,0.0,0.0,0.0,0.0,0.0,0.0,Matches,Alaves,
Luis Rioja,es ESP,FW,30-319,1.0,0,23.0,0.3,0.0,0.0,0.0,0.0,0.0,0.0,0.0,0.0,0.0,0.0,0.1,0.1,4.0,1.0,3.0,0.0,0.0,0.0,0.0,0.0,0.0,0.57,0.57,0.0,0.57,Matches,Alaves,
Toni Martínez,es ESP,FW,27-061,1.0,0,21.0,0.2,1.0,0.0,1.0,1.0,0.0,0.0,0.0,0.0,0.5,0.5,0.0,0.5,1.0,0.0,1.0,4.29,0.0,4.29,4.29,4.29,1.97,0.0,1.97,1.97,1.97,Matches,Alaves,
Julen Lartitegi,es ESP,FW,20-336,0.0,0,,,,,,,,,,,,,,,,,,,,,,,,,,,,Matches,Alaves,
Santiago Mouriño,uy URU,DF,22-199,0.0,0,,,,,,,,,,,,,,,,,,,,,,,,,,,,Matches,Alaves,
Eneko Ortiz,es ESP,MF,21-096,0.0,0,,,,,,,,,,,,,,,,,,,,,,,,,,,,Matches,Alaves,
Jesús Owono,gq EQG,GK,23-182,0.0,0,,,,,,,,,,,,,,,,,,,,,,,,,,,,Matches,Alaves,
Joaquín Panichelli,ar ARG,FW,21-328,0.0,0,,,,,,,,,,,,,,,,,,,,,,,,,,,,Matches,Alaves,
Adrian Rodriguez,es ESP,GK,23-262,0.0,0,,,,,,,,,,,,,,,,,,,,,,,,,,,,Matches,Alaves,
Squad Total,,,26.8,3.0,33,270.0,3.0,3.0,1.0,4.0,2.0,1.0,1.0,7.0,1.0,3.4,2.6,1.4,4.0,54.0,100.0,97.0,1.0,0.33,1.33,0.67,1.0,1.13,0.47,1.6,0.87,1.34,,Alaves,
Opponent Total,,,27.5,3.0,33,270.0,3.0,3.0,3.0,6.0,3.0,0.0,0.0,10.0,1.0,3.3,3.3,3.1,6.4,44.0,122.0,121.0,1.0,1.0,2.0,1.0,2.0,1.11,1.03,2.14,1.11,2.14,,Alaves,
Enzo Boyomo,cm CMR,DF,22-328,,3,270.0,3.0,0.0,0.0,0.0,0.0,0.0,0.0,0.0,0.0,0.1,0.1,0.0,0.1,1.0,7.0,0.0,0.0,0.0,0.0,0.0,0.0,0.02,0.0,0.02,0.02,0.02,Matches,Valladolid,3.0
Karl Jakob Hein,ee EST,GK,22-139,,3,270.0,3.0,0.0,0.0,0.0,0.0,0.0,0.0,0.0,0.0,0.0,0.0,0.0,0.0,0.0,0.0,0.0,0.0,0.0,0.0,0.0,0.0,0.0,0.0,0.0,0.0,0.0,Matches,Valladolid,3.0
Lucas Oliveira Rosa,br BRA,DF,24-149,,3,270.0,3.0,0.0,0.0,0.0,0.0,0.0,0.0,1.0,0.0,0.0,0.0,0.2,0.2,3.0,12.0,13.0,0.0,0.0,0.0,0.0,0.0,0.01,0.06,0.08,0.01,0.08,Matches,Valladolid,3.0
Luis Pérez,es ESP,DF,29-208,,3,270.0,3.0,0.0,0.0,0.0,0.0,0.0,0.0,0.0,0.0,0.0,0.0,0.4,0.4,7.0,12.0,14.0,0.0,0.0,0.0,0.0,0.0,0.0,0.12,0.12,0.0,0.12,Matches,Valladolid,3.0
Kike Pérez,es ESP,MF,27-198,,3,226.0,2.5,0.0,0.0,0.0,0.0,0.0,0.0,0.0,0.0,0.2,0.2,0.3,0.5,2.0,20.0,4.0,0.0,0.0,0.0,0.0,0.0,0.08,0.12,0.2,0.08,0.2,Matches,Valladolid,3.0
Raúl Moro,es ESP,"FW,MF",21-269,,2,203.0,2.3,1.0,0.0,1.0,1.0,0.0,0.0,0.0,0.0,0.3,0.3,0.4,0.7,14.0,15.0,32.0,0.44,0.0,0.44,0.44,0.44,0.15,0.16,0.3,0.15,0.3,Matches,Valladolid,3.0
Selim Amallah,ma MAR,MF,27-289,,2,189.0,2.1,0.0,0.0,0.0,0.0,0.0,0.0,0.0,0.0,0.4,0.4,0.0,0.4,8.0,13.0,6.0,0.0,0.0,0.0,0.0,0.0,0.21,0.0,0.21,0.21,0.21,Matches,Valladolid,3.0
Stanko Jurić,hr CRO,MF,28-014,,2,189.0,2.1,0.0,0.0,0.0,0.0,0.0,0.0,1.0,0.0,0.0,0.0,0.1,0.1,1.0,7.0,0.0,0.0,0.0,0.0,0.0,0.0,0.0,0.03,0.03,0.0,0.03,Matches,Valladolid,3.0
Eray Cömert,ch SUI,"DF,MF",26-208,,2,171.0,1.9,0.0,0.0,0.0,0.0,0.0,0.0,0.0,0.0,0.2,0.2,0.0,0.2,1.0,3.0,0.0,0.0,0.0,0.0,0.0,0.0,0.11,0.0,0.11,0.11,0.11,Matches,Valladolid,2.0
Mamadou Sylla,sn SEN,FW,30-163,,2,171.0,1.9,0.0,0.0,0.0,0.0,0.0,0.0,0.0,0.0,0.4,0.4,0.0,0.4,1.0,2.0,7.0,0.0,0.0,0.0,0.0,0.0,0.2,0.02,0.22,0.2,0.22,Matches,Valladolid,3.0
Javi Sánchez,es ESP,DF,27-169,,2,151.0,1.7,0.0,0.0,0.0,0.0,0.0,0.0,0.0,0.0,0.0,0.0,0.2,0.2,0.0,3.0,1.0,0.0,0.0,0.0,0.0,0.0,0.0,0.11,0.11,0.0,0.11,Matches,Valladolid,2.0
Amath,sn SEN,FW,28-045,,2,136.0,1.5,0.0,1.0,1.0,0.0,0.0,0.0,0.0,0.0,0.3,0.3,0.2,0.5,4.0,5.0,12.0,0.0,0.66,0.66,0.0,0.66,0.19,0.13,0.32,0.19,0.32,Matches,Valladolid,3.0
Iván Sánchez,es ESP,"MF,FW",31-342,,1,140.0,1.6,0.0,0.0,0.0,0.0,0.0,0.0,1.0,0.0,0.0,0.0,0.1,0.1,5.0,5.0,8.0,0.0,0.0,0.0,0.0,0.0,0.0,0.09,0.09,0.0,0.09,Matches,Valladolid,3.0
Víctor Meseguer,es ESP,MF,25-082,,1,109.0,1.2,0.0,0.0,0.0,0.0,0.0,0.0,0.0,0.0,0.2,0.2,0.0,0.2,0.0,5.0,6.0,0.0,0.0,0.0,0.0,0.0,0.13,0.0,0.13,0.13,0.13,Matches,Valladolid,3.0
Marcos André,br BRA,FW,27-315,,1,80.0,0.9,0.0,0.0,0.0,0.0,0.0,0.0,1.0,0.0,0.0,0.0,0.0,0.0,0.0,0.0,1.0,0.0,0.0,0.0,0.0,0.0,0.0,0.0,0.0,0.0,0.0,Matches,Valladolid,2.0
Darwin Machís,ve VEN,MF,31-205,,1,57.0,0.6,0.0,0.0,0.0,0.0,0.0,0.0,0.0,0.0,0.0,0.0,0.0,0.0,0.0,0.0,2.0,0.0,0.0,0.0,0.0,0.0,0.03,0.0,0.03,0.03,0.03,Matches,Valladolid,1.0
Juanmi Latasa,es ESP,FW,23-160,,0,29.0,0.3,0.0,0.0,0.0,0.0,0.0,0.0,0.0,0.0,0.2,0.2,0.0,0.2,0.0,1.0,1.0,0.0,0.0,0.0,0.0,0.0,0.62,0.0,0.62,0.62,0.62,Matches,Valladolid,1.0
Mario Martín,es ESP,MF,20-178,,0,20.0,0.2,0.0,0.0,0.0,0.0,0.0,0.0,0.0,0.0,0.0,0.0,0.0,0.0,0.0,1.0,1.0,0.0,0.0,0.0,0.0,0.0,0.09,0.0,0.09,0.09,0.09,Matches,Valladolid,1.0
Chuky san jose,es ESP,MF,20-123,,0,10.0,0.1,0.0,0.0,0.0,0.0,0.0,0.0,0.0,0.0,0.0,0.0,0.0,0.0,0.0,0.0,2.0,0.0,0.0,0.0,0.0,0.0,0.0,0.42,0.42,0.0,0.42,Matches,Valladolid,2.0
David Torres,es ESP,DF,21-178,,0,9.0,0.1,0.0,0.0,0.0,0.0,0.0,0.0,0.0,0.0,0.0,0.0,0.0,0.0,0.0,1.0,0.0,0.0,0.0,0.0,0.0,0.0,0.0,0.0,0.0,0.0,0.0,Matches,Valladolid,1.0
Stipe Biuk,hr CRO,FW,21-248,,0,,,,,,,,,,,,,,,,,,,,,,,,,,,,Matches,Valladolid,0.0
Raúl Chasco,es ESP,DF,20-352,,0,,,,,,,,,,,,,,,,,,,,,,,,,,,,Matches,Valladolid,0.0
André Ferreira,pt POR,GK,28-093,,0,,,,,,,,,,,,,,,,,,,,,,,,,,,,Matches,Valladolid,0.0
Jorge Gonzalez,es ESP,DF,19-167,,0,,,,,,,,,,,,,,,,,,,,,,,,,,,,Matches,Valladolid,0.0
César de la Hoz,es ESP,MF,32-153,,0,,,,,,,,,,,,,,,,,,,,,,,,,,,,Matches,Valladolid,0.0
Arnau Rafús,es ESP,GK,21-125,,0,,,,,,,,,,,,,,,,,,,,,,,,,,,,Matches,Valladolid,0.0
Squad Total,,,26.4,,33,270.0,3.0,1.0,1.0,2.0,1.0,0.0,0.0,4.0,0.0,2.3,2.3,1.8,4.1,47.0,112.0,110.0,0.33,0.33,0.67,0.33,0.67,0.77,0.62,1.38,0.77,1.38,,Valladolid,3.0
Opponent Total,,,26.7,,33,270.0,3.0,3.0,3.0,6.0,3.0,0.0,0.0,8.0,0.0,2.9,2.9,2.5,5.4,36.0,128.0,127.0,1.0,1.0,2.0,1.0,2.0,0.98,0.83,1.81,0.98,1.81,,Valladolid,3.0
Catena,es ESP,DF,29-307,3.0,3,270.0,3.0,0.0,0.0,0.0,0.0,0.0,0.0,0.0,0.0,0.3,0.3,0.0,0.3,2.0,6.0,0.0,0.0,0.0,0.0,0.0,0.0,0.09,0.0,0.09,0.09,0.09,Matches,Osasuna,
Jorge Herrando,es ESP,DF,23-184,3.0,3,270.0,3.0,0.0,0.0,0.0,0.0,0.0,0.0,1.0,0.0,0.1,0.1,0.0,0.1,3.0,6.0,1.0,0.0,0.0,0.0,0.0,0.0,0.03,0.0,0.03,0.03,0.03,Matches,Osasuna,
Sergio Herrera,es ESP,GK,31-086,3.0,3,270.0,3.0,0.0,0.0,0.0,0.0,0.0,0.0,1.0,0.0,0.0,0.0,0.0,0.0,0.0,0.0,0.0,0.0,0.0,0.0,0.0,0.0,0.0,0.0,0.0,0.0,0.0,Matches,Osasuna,
Lucas Torró,es ESP,MF,30-042,3.0,3,264.0,2.9,0.0,0.0,0.0,0.0,0.0,0.0,0.0,0.0,0.0,0.0,0.0,0.0,1.0,7.0,2.0,0.0,0.0,0.0,0.0,0.0,0.01,0.0,0.01,0.01,0.01,Matches,Osasuna,
Ante Budimir,hr CRO,FW,33-039,3.0,3,225.0,2.5,0.0,0.0,0.0,0.0,0.0,0.0,0.0,0.0,0.2,0.2,0.0,0.2,3.0,1.0,9.0,0.0,0.0,0.0,0.0,0.0,0.09,0.0,0.09,0.09,0.09,Matches,Osasuna,
Aimar Oroz,es ESP,"MF,FW",22-277,3.0,3,225.0,2.5,0.0,0.0,0.0,0.0,0.0,0.0,0.0,0.0,1.0,1.0,0.1,1.1,2.0,11.0,8.0,0.0,0.0,0.0,0.0,0.0,0.4,0.04,0.44,0.4,0.44,Matches,Osasuna,
Jon Moncayola,es ESP,"MF,FW",26-109,3.0,2,193.0,2.1,0.0,0.0,0.0,0.0,0.0,0.0,1.0,0.0,0.2,0.2,0.8,1.0,3.0,12.0,3.0,0.0,0.0,0.0,0.0,0.0,0.11,0.37,0.47,0.11,0.47,Matches,Osasuna,
Bryan Zaragoza,es ESP,"MF,FW",23-127,3.0,2,188.0,2.1,0.0,0.0,0.0,0.0,0.0,0.0,0.0,0.0,0.2,0.2,0.1,0.2,4.0,4.0,12.0,0.0,0.0,0.0,0.0,0.0,0.08,0.03,0.11,0.08,0.11,Matches,Osasuna,
Rubén García,es ESP,"FW,MF",31-047,3.0,2,179.0,2.0,1.0,0.0,1.0,1.0,0.0,0.0,0.0,0.0,0.3,0.3,0.3,0.5,1.0,7.0,11.0,0.5,0.0,0.5,0.5,0.5,0.13,0.13,0.26,0.13,0.26,Matches,Osasuna,
Jesús Areso,es ESP,DF,25-059,2.0,2,169.0,1.9,0.0,0.0,0.0,0.0,0.0,0.0,1.0,0.0,0.0,0.0,0.2,0.2,13.0,4.0,11.0,0.0,0.0,0.0,0.0,0.0,0.0,0.09,0.09,0.0,0.09,Matches,Osasuna,
Moi Gómez,es ESP,MF,30-068,3.0,2,169.0,1.9,0.0,0.0,0.0,0.0,0.0,0.0,0.0,0.0,0.0,0.0,0.1,0.1,1.0,10.0,1.0,0.0,0.0,0.0,0.0,0.0,0.0,0.05,0.05,0.0,0.05,Matches,Osasuna,
Abel,es ESP,DF,24-009,2.0,2,149.0,1.7,0.0,0.0,0.0,0.0,0.0,0.0,0.0,0.0,0.0,0.0,0.2,0.2,5.0,6.0,6.0,0.0,0.0,0.0,0.0,0.0,0.0,0.12,0.12,0.0,0.12,Matches,Osasuna,
Juan Cruz Armada,es ESP,DF,32-033,2.0,1,121.0,1.3,0.0,0.0,0.0,0.0,0.0,0.0,1.0,0.0,0.0,0.0,0.0,0.0,2.0,5.0,3.0,0.0,0.0,0.0,0.0,0.0,0.0,0.0,0.0,0.0,0.0,Matches,Osasuna,
Nacho Vidal,es ESP,DF,29-219,2.0,1,101.0,1.1,0.0,0.0,0.0,0.0,0.0,0.0,0.0,0.0,0.0,0.0,0.0,0.0,2.0,1.0,4.0,0.0,0.0,0.0,0.0,0.0,0.0,0.0,0.0,0.0,0.0,Matches,Osasuna,
Iker Muñoz,es ESP,MF,21-299,2.0,1,49.0,0.5,0.0,0.0,0.0,0.0,0.0,0.0,0.0,0.0,0.0,0.0,0.0,0.0,1.0,2.0,1.0,0.0,0.0,0.0,0.0,0.0,0.0,0.0,0.0,0.0,0.0,Matches,Osasuna,
Raúl,es ESP,FW,23-301,3.0,0,46.0,0.5,0.0,0.0,0.0,0.0,0.0,0.0,0.0,0.0,0.0,0.0,0.0,0.0,1.0,0.0,3.0,0.0,0.0,0.0,0.0,0.0,0.07,0.0,0.07,0.07,0.07,Matches,Osasuna,
Pablo Ibáñez,es ESP,MF,25-345,2.0,0,40.0,0.4,0.0,0.0,0.0,0.0,0.0,0.0,0.0,0.0,0.0,0.0,0.0,0.0,1.0,2.0,2.0,0.0,0.0,0.0,0.0,0.0,0.05,0.0,0.05,0.05,0.05,Matches,Osasuna,
Iker Benito,es ESP,FW,22-020,1.0,0,23.0,0.3,0.0,0.0,0.0,0.0,0.0,0.0,0.0,0.0,0.0,0.0,0.0,0.0,2.0,0.0,4.0,0.0,0.0,0.0,0.0,0.0,0.0,0.15,0.15,0.0,0.15,Matches,Osasuna,
Rubén Peña,es ESP,FW,33-043,1.0,0,13.0,0.1,0.0,0.0,0.0,0.0,0.0,0.0,0.0,0.0,0.0,0.0,0.0,0.0,2.0,0.0,1.0,0.0,0.0,0.0,0.0,0.0,0.0,0.29,0.29,0.0,0.29,Matches,Osasuna,
Javi Martínez,es ESP,MF,24-252,1.0,0,6.0,0.1,0.0,0.0,0.0,0.0,0.0,0.0,0.0,0.0,0.0,0.0,0.0,0.0,0.0,1.0,0.0,0.0,0.0,0.0,0.0,0.0,0.0,0.0,0.0,0.0,0.0,Matches,Osasuna,
José Arnaiz,es ESP,"FW,MF",29-137,0.0,0,,,,,,,,,,,,,,,,,,,,,,,,,,,,Matches,Osasuna,
Aitor Fernández,es ESP,GK,33-119,0.0,0,,,,,,,,,,,,,,,,,,,,,,,,,,,,Matches,Osasuna,
Unai García,es ESP,DF,32-209,0.0,0,,,,,,,,,,,,,,,,,,,,,,,,,,,,Matches,Osasuna,
Dimitrios Stamatakis,gr GRE,GK,21-129,0.0,0,,,,,,,,,,,,,,,,,,,,,,,,,,,,Matches,Osasuna,
Squad Total,,,27.8,3.0,33,270.0,3.0,1.0,0.0,1.0,1.0,0.0,0.0,5.0,0.0,2.3,2.3,1.7,4.1,49.0,85.0,82.0,0.33,0.0,0.33,0.33,0.33,0.78,0.58,1.35,0.78,1.35,,Osasuna,
Opponent Total,,,28.4,3.0,33,270.0,3.0,5.0,4.0,9.0,5.0,0.0,0.0,3.0,0.0,3.8,3.8,3.0,6.8,54.0,130.0,128.0,1.67,1.33,3.0,1.67,3.0,1.28,1.0,2.27,1.28,2.27,,Osasuna,
Javi López,es ESP,DF,22-158,,3,270.0,3.0,0.0,0.0,0.0,0.0,0.0,0.0,0.0,0.0,0.0,0.0,0.0,0.0,7.0,13.0,8.0,0.0,0.0,0.0,0.0,0.0,0.01,0.0,0.01,0.01,0.01,Matches,Real Sociedad,3.0
Álex Remiro,es ESP,GK,29-159,,3,270.0,3.0,0.0,0.0,0.0,0.0,0.0,0.0,0.0,0.0,0.0,0.0,0.0,0.0,0.0,0.0,0.0,0.0,0.0,0.0,0.0,0.0,0.0,0.0,0.0,0.0,0.0,Matches,Real Sociedad,3.0
Hamari Traoré,ml MLI,DF,32-216,,3,246.0,2.7,0.0,1.0,1.0,0.0,0.0,0.0,0.0,0.0,0.0,0.0,0.2,0.2,4.0,9.0,7.0,0.0,0.37,0.37,0.0,0.37,0.0,0.06,0.06,0.0,0.06,Matches,Real Sociedad,3.0
Sheraldo Becker,sr SUR,"FW,MF",29-203,,3,240.0,2.7,0.0,0.0,0.0,0.0,0.0,0.0,0.0,0.0,0.1,0.1,0.2,0.4,10.0,4.0,24.0,0.0,0.0,0.0,0.0,0.0,0.05,0.09,0.14,0.05,0.14,Matches,Real Sociedad,3.0
Brais Méndez,es ESP,MF,27-236,,3,235.0,2.6,1.0,0.0,1.0,1.0,0.0,0.0,0.0,0.0,0.9,0.9,0.1,1.0,4.0,11.0,10.0,0.38,0.0,0.38,0.38,0.38,0.35,0.04,0.38,0.35,0.38,Matches,Real Sociedad,3.0
Jon Pacheco,es ESP,DF,23-235,,3,225.0,2.5,0.0,0.0,0.0,0.0,0.0,0.0,1.0,0.0,0.1,0.1,0.0,0.1,6.0,6.0,0.0,0.0,0.0,0.0,0.0,0.0,0.04,0.0,0.04,0.04,0.04,Matches,Real Sociedad,3.0
Mikel Oyarzabal,es ESP,FW,27-131,,3,176.0,2.0,0.0,0.0,0.0,0.0,0.0,0.0,1.0,1.0,0.3,0.3,0.0,0.4,1.0,1.0,8.0,0.0,0.0,0.0,0.0,0.0,0.16,0.01,0.18,0.16,0.18,Matches,Real Sociedad,3.0
Martín Zubimendi,es ESP,MF,25-210,,2,225.0,2.5,1.0,0.0,1.0,1.0,0.0,0.0,0.0,0.0,0.5,0.5,0.1,0.6,6.0,16.0,2.0,0.4,0.0,0.4,0.4,0.4,0.19,0.05,0.24,0.19,0.24,Matches,Real Sociedad,3.0
Sergio Gómez,es ESP,"MF,FW",23-361,,2,193.0,2.1,0.0,1.0,1.0,0.0,0.0,0.0,0.0,0.0,0.1,0.1,1.1,1.2,1.0,5.0,11.0,0.0,0.47,0.47,0.0,0.47,0.05,0.52,0.57,0.05,0.57,Matches,Real Sociedad,3.0
Takefusa Kubo,jp JPN,"MF,FW",23-087,,2,181.0,2.0,1.0,0.0,1.0,1.0,0.0,0.0,1.0,0.0,0.3,0.3,0.1,0.4,6.0,7.0,15.0,0.5,0.0,0.5,0.5,0.5,0.15,0.05,0.2,0.15,0.2,Matches,Real Sociedad,3.0
Aritz Elustondo,es ESP,DF,30-155,,2,180.0,2.0,0.0,0.0,0.0,0.0,0.0,0.0,0.0,0.0,0.2,0.2,0.0,0.3,3.0,9.0,0.0,0.0,0.0,0.0,0.0,0.0,0.11,0.02,0.13,0.11,0.13,Matches,Real Sociedad,2.0
Beñat Turrientes,es ESP,MF,22-212,,2,143.0,1.6,0.0,0.0,0.0,0.0,0.0,0.0,1.0,0.0,0.1,0.1,0.0,0.1,2.0,12.0,8.0,0.0,0.0,0.0,0.0,0.0,0.06,0.0,0.06,0.06,0.06,Matches,Real Sociedad,3.0
Igor Zubeldia,es ESP,DF,27-153,,1,80.0,0.9,0.0,0.0,0.0,0.0,0.0,0.0,1.0,0.0,0.0,0.0,0.0,0.0,1.0,5.0,0.0,0.0,0.0,0.0,0.0,0.0,0.0,0.0,0.0,0.0,0.0,Matches,Real Sociedad,1.0
Urko González,es ESP,MF,23-163,,1,45.0,0.5,0.0,0.0,0.0,0.0,0.0,0.0,1.0,0.0,0.0,0.0,0.0,0.0,0.0,1.0,0.0,0.0,0.0,0.0,0.0,0.0,0.0,0.0,0.0,0.0,0.0,Matches,Real Sociedad,1.0
Umar Sadiq,ng NGA,FW,27-210,,0,49.0,0.5,0.0,0.0,0.0,0.0,0.0,0.0,0.0,0.0,0.0,0.0,0.0,0.0,2.0,1.0,4.0,0.0,0.0,0.0,0.0,0.0,0.08,0.0,0.08,0.08,0.08,Matches,Real Sociedad,2.0
Jon Martin,es ESP,DF,18-242,,0,45.0,0.5,0.0,0.0,0.0,0.0,0.0,0.0,1.0,0.0,0.1,0.1,0.0,0.1,0.0,1.0,0.0,0.0,0.0,0.0,0.0,0.0,0.17,0.0,0.17,0.17,0.17,Matches,Real Sociedad,1.0
Olasagasti,es ESP,MF,24-014,,0,35.0,0.4,0.0,0.0,0.0,0.0,0.0,0.0,0.0,0.0,0.0,0.0,0.0,0.0,2.0,1.0,1.0,0.0,0.0,0.0,0.0,0.0,0.0,0.0,0.0,0.0,0.0,Matches,Real Sociedad,2.0
Jon Aramburu,ve VEN,DF,22-038,,0,24.0,0.3,0.0,0.0,0.0,0.0,0.0,0.0,1.0,0.0,0.0,0.0,0.0,0.0,0.0,4.0,1.0,0.0,0.0,0.0,0.0,0.0,0.0,0.0,0.0,0.0,0.0,Matches,Real Sociedad,2.0
Ander Barrenetxea,es ESP,MF,22-247,,0,23.0,0.3,0.0,0.0,0.0,0.0,0.0,0.0,0.0,0.0,0.0,0.0,0.1,0.1,2.0,0.0,5.0,0.0,0.0,0.0,0.0,0.0,0.0,0.33,0.33,0.0,0.33,Matches,Real Sociedad,1.0
Pablo Marín,es ESP,MF,21-058,,0,15.0,0.2,0.0,0.0,0.0,0.0,0.0,0.0,0.0,0.0,0.0,0.0,0.0,0.0,0.0,0.0,2.0,0.0,0.0,0.0,0.0,0.0,0.0,0.0,0.0,0.0,0.0,Matches,Real Sociedad,2.0
Luka Sučić,hr CRO,FW,21-357,,0,8.0,0.1,0.0,0.0,0.0,0.0,0.0,0.0,0.0,0.0,0.0,0.0,0.0,0.0,0.0,1.0,0.0,0.0,0.0,0.0,0.0,0.0,0.0,0.0,0.0,0.0,0.0,Matches,Real Sociedad,1.0
Egoitz Arana,es ESP,GK,22-193,,0,,,,,,,,,,,,,,,,,,,,,,,,,,,,Matches,Real Sociedad,0.0
Aitor Fraga,es ESP,GK,21-174,,0,,,,,,,,,,,,,,,,,,,,,,,,,,,,Matches,Real Sociedad,0.0
Jon Magunacelaya,es ESP,MF,24-048,,0,,,,,,,,,,,,,,,,,,,,,,,,,,,,Matches,Real Sociedad,0.0
Unai Marrero,es ESP,GK,22-326,,0,,,,,,,,,,,,,,,,,,,,,,,,,,,,Matches,Real Sociedad,0.0
Aihen Muñoz,es ESP,DF,27-014,,0,,,,,,,,,,,,,,,,,,,,,,,,,,,,Matches,Real Sociedad,0.0
Squad Total,,,26.4,,33,270.0,3.0,3.0,2.0,5.0,3.0,0.0,0.0,8.0,1.0,2.8,2.8,2.0,4.8,57.0,107.0,106.0,1.0,0.67,1.67,1.0,1.67,0.93,0.66,1.59,0.93,1.59,,Real Sociedad,3.0
Opponent Total,,,26.8,,33,270.0,3.0,4.0,2.0,6.0,3.0,1.0,1.0,10.0,0.0,4.2,3.5,1.9,5.4,55.0,77.0,76.0,1.33,0.67,2.0,1.0,1.67,1.41,0.65,2.06,1.15,1.8,,Real Sociedad,3.0
Omar Alderete,py PAR,DF,27-248,2.0,2,180.0,2.0,0.0,0.0,0.0,0.0,0.0,0.0,0.0,0.0,0.1,0.1,0.6,0.7,2.0,7.0,0.0,0.0,0.0,0.0,0.0,0.0,0.03,0.31,0.34,0.03,0.34,Matches,Getafe,
Djené,tg TOG,DF,32-243,2.0,2,180.0,2.0,0.0,0.0,0.0,0.0,0.0,0.0,0.0,0.0,0.0,0.0,0.0,0.0,0.0,5.0,0.0,0.0,0.0,0.0,0.0,0.0,0.0,0.0,0.0,0.0,0.0,Matches,Getafe,
Iglesias,es ESP,DF,26-058,2.0,2,180.0,2.0,0.0,0.0,0.0,0.0,0.0,0.0,0.0,0.0,0.0,0.0,0.0,0.0,2.0,1.0,1.0,0.0,0.0,0.0,0.0,0.0,0.01,0.0,0.01,0.01,0.01,Matches,Getafe,
Luis Milla,es ESP,MF,29-328,2.0,2,180.0,2.0,0.0,1.0,1.0,0.0,0.0,0.0,0.0,0.0,0.0,0.0,0.2,0.2,3.0,10.0,2.0,0.0,0.5,0.5,0.0,0.5,0.0,0.08,0.08,0.0,0.08,Matches,Getafe,
Diego Rico,es ESP,DF,31-189,2.0,2,180.0,2.0,0.0,0.0,0.0,0.0,0.0,0.0,0.0,0.0,0.0,0.0,0.2,0.2,0.0,5.0,4.0,0.0,0.0,0.0,0.0,0.0,0.0,0.09,0.09,0.0,0.09,Matches,Getafe,
David Soria,es ESP,GK,31-148,2.0,2,180.0,2.0,0.0,0.0,0.0,0.0,0.0,0.0,0.0,0.0,0.0,0.0,0.0,0.0,0.0,0.0,0.0,0.0,0.0,0.0,0.0,0.0,0.0,0.0,0.0,0.0,0.0,Matches,Getafe,
Chrisantus Uche,ng NGA,FW,21-103,2.0,2,180.0,2.0,1.0,0.0,1.0,1.0,0.0,0.0,2.0,0.0,0.2,0.2,0.0,0.2,0.0,2.0,14.0,0.5,0.0,0.5,0.5,0.5,0.08,0.01,0.09,0.08,0.09,Matches,Getafe,
Nabil Aberdin,fr FRA,MF,22-007,2.0,2,156.0,1.7,0.0,0.0,0.0,0.0,0.0,0.0,0.0,0.0,0.0,0.0,0.0,0.0,1.0,4.0,2.0,0.0,0.0,0.0,0.0,0.0,0.01,0.01,0.02,0.01,0.02,Matches,Getafe,
Alex Sola,es ESP,"MF,FW",25-082,2.0,2,152.0,1.7,0.0,0.0,0.0,0.0,0.0,0.0,0.0,0.0,0.2,0.2,0.0,0.2,2.0,2.0,5.0,0.0,0.0,0.0,0.0,0.0,0.1,0.01,0.11,0.1,0.11,Matches,Getafe,
Carles Pérez,es ESP,"FW,MF",26-196,2.0,2,125.0,1.4,0.0,0.0,0.0,0.0,0.0,0.0,0.0,0.0,0.1,0.1,0.1,0.1,1.0,2.0,11.0,0.0,0.0,0.0,0.0,0.0,0.06,0.04,0.1,0.06,0.1,Matches,Getafe,
Carles Aleñá,es ESP,MF,26-238,2.0,1,125.0,1.4,0.0,0.0,0.0,0.0,0.0,0.0,0.0,0.0,0.6,0.6,0.0,0.6,1.0,3.0,3.0,0.0,0.0,0.0,0.0,0.0,0.42,0.0,0.42,0.42,0.42,Matches,Getafe,
Mauro Arambarri,uy URU,"MF,FW",28-335,2.0,1,49.0,0.5,0.0,0.0,0.0,0.0,0.0,0.0,0.0,0.0,0.0,0.0,0.0,0.0,0.0,1.0,0.0,0.0,0.0,0.0,0.0,0.0,0.0,0.0,0.0,0.0,0.0,Matches,Getafe,
Peter Federico,do DOM,MF,22-036,2.0,0,61.0,0.7,0.0,0.0,0.0,0.0,0.0,0.0,0.0,0.0,0.2,0.2,0.0,0.2,0.0,0.0,2.0,0.0,0.0,0.0,0.0,0.0,0.25,0.02,0.26,0.25,0.26,Matches,Getafe,
Jesús Santiago,es ESP,MF,20-097,2.0,0,36.0,0.4,0.0,0.0,0.0,0.0,0.0,0.0,0.0,0.0,0.0,0.0,0.0,0.0,0.0,2.0,0.0,0.0,0.0,0.0,0.0,0.0,0.0,0.0,0.0,0.0,0.0,Matches,Getafe,
Alberto Risco,es ESP,FW,19-000,1.0,0,16.0,0.2,0.0,0.0,0.0,0.0,0.0,0.0,0.0,0.0,0.0,0.0,0.0,0.0,1.0,0.0,0.0,0.0,0.0,0.0,0.0,0.0,0.25,0.0,0.25,0.25,0.25,Matches,Getafe,
Juan Berrocal,es ESP,DF,25-118,0.0,0,,,,,,,,,,,,,,,,,,,,,,,,,,,,Matches,Getafe,
Domingos Duarte,pt POR,DF,29-173,0.0,0,,,,,,,,,,,,,,,,,,,,,,,,,,,,Matches,Getafe,
Diego Ferrer,,GK,,0.0,0,,,,,,,,,,,,,,,,,,,,,,,,,,,,Matches,Getafe,
Jiří Letáček,,GK,25-234,0.0,0,,,,,,,,,,,,,,,,,,,,,,,,,,,,Matches,Getafe,
Squad Total,,,27.2,2.0,22,180.0,2.0,1.0,1.0,2.0,1.0,0.0,0.0,2.0,0.0,1.3,1.3,1.1,2.4,13.0,44.0,44.0,0.5,0.5,1.0,0.5,1.0,0.66,0.55,1.21,0.66,1.21,,Getafe,
Opponent Total,,,29.0,2.0,22,180.0,2.0,1.0,1.0,2.0,1.0,0.0,0.0,6.0,0.0,0.6,0.6,0.5,1.1,23.0,63.0,62.0,0.5,0.5,1.0,0.5,1.0,0.28,0.27,0.56,0.28,0.56,,Getafe,
Nabil Fekir,fr FRA,MF,31-043,2.0,2,180.0,2.0,0.0,1.0,1.0,0.0,0.0,0.0,0.0,0.0,0.7,0.7,0.5,1.2,9.0,10.0,18.0,0.0,0.5,0.5,0.0,0.5,0.34,0.26,0.61,0.34,0.61,Matches,Real Betis,
Diego Llorente,es ESP,DF,31-014,2.0,2,180.0,2.0,0.0,0.0,0.0,0.0,0.0,0.0,0.0,0.0,0.0,0.0,0.0,0.0,1.0,0.0,0.0,0.0,0.0,0.0,0.0,0.0,0.0,0.0,0.0,0.0,0.0,Matches,Real Betis,
Youssouf Sabaly,sn SEN,DF,31-178,2.0,2,180.0,2.0,0.0,0.0,0.0,0.0,0.0,0.0,0.0,0.0,0.1,0.1,0.0,0.1,0.0,4.0,11.0,0.0,0.0,0.0,0.0,0.0,0.06,0.01,0.07,0.06,0.07,Matches,Real Betis,
Rui Silva,pt POR,GK,30-205,2.0,2,180.0,2.0,0.0,0.0,0.0,0.0,0.0,0.0,0.0,0.0,0.0,0.0,0.0,0.0,0.0,0.0,0.0,0.0,0.0,0.0,0.0,0.0,0.0,0.0,0.0,0.0,0.0,Matches,Real Betis,
Marc Bartra,es ESP,DF,33-228,2.0,2,175.0,1.9,1.0,0.0,1.0,1.0,0.0,0.0,0.0,0.0,0.2,0.2,0.0,0.2,0.0,4.0,0.0,0.51,0.0,0.51,0.51,0.51,0.09,0.0,0.09,0.09,0.09,Matches,Real Betis,
William Carvalho,pt POR,MF,32-145,2.0,2,166.0,1.8,0.0,0.0,0.0,0.0,0.0,0.0,0.0,0.0,0.1,0.1,0.0,0.2,1.0,14.0,1.0,0.0,0.0,0.0,0.0,0.0,0.08,0.01,0.09,0.08,0.09,Matches,Real Betis,
Marc Roca,es ESP,MF,27-278,2.0,2,166.0,1.8,0.0,0.0,0.0,0.0,0.0,0.0,1.0,0.0,0.0,0.0,0.1,0.1,3.0,8.0,1.0,0.0,0.0,0.0,0.0,0.0,0.0,0.03,0.03,0.0,0.03,Matches,Real Betis,
Pablo Fornals,es ESP,FW,28-190,2.0,2,133.0,1.5,0.0,0.0,0.0,0.0,0.0,0.0,0.0,0.0,0.2,0.2,0.6,0.8,3.0,11.0,4.0,0.0,0.0,0.0,0.0,0.0,0.12,0.4,0.52,0.12,0.52,Matches,Real Betis,
Aitor Ruibal,es ESP,FW,28-161,2.0,2,131.0,1.5,0.0,0.0,0.0,0.0,0.0,0.0,1.0,0.0,0.4,0.4,0.5,0.9,2.0,3.0,4.0,0.0,0.0,0.0,0.0,0.0,0.27,0.36,0.62,0.27,0.62,Matches,Real Betis,
Juanmi,es ESP,FW,31-102,2.0,2,120.0,1.3,0.0,0.0,0.0,0.0,0.0,0.0,1.0,0.0,0.5,0.5,0.3,0.8,2.0,1.0,4.0,0.0,0.0,0.0,0.0,0.0,0.4,0.22,0.62,0.4,0.62,Matches,Real Betis,
Romain Perraud,fr FRA,DF,26-343,2.0,1,135.0,1.5,0.0,0.0,0.0,0.0,0.0,0.0,2.0,0.0,0.1,0.1,0.0,0.1,2.0,2.0,7.0,0.0,0.0,0.0,0.0,0.0,0.04,0.0,0.04,0.04,0.04,Matches,Real Betis,
Ricardo Rodríguez,ch SUI,DF,32-005,1.0,1,45.0,0.5,0.0,0.0,0.0,0.0,0.0,0.0,0.0,0.0,0.0,0.0,0.1,0.1,0.0,2.0,3.0,0.0,0.0,0.0,0.0,0.0,0.0,0.16,0.16,0.0,0.16,Matches,Real Betis,
Abde Ezzalzouli,ma MAR,FW,22-257,2.0,0,60.0,0.7,0.0,0.0,0.0,0.0,0.0,0.0,0.0,0.0,0.2,0.2,0.0,0.2,5.0,4.0,6.0,0.0,0.0,0.0,0.0,0.0,0.29,0.0,0.29,0.29,0.29,Matches,Real Betis,
Ezequiel Ávila,ar ARG,FW,30-206,2.0,0,49.0,0.5,0.0,0.0,0.0,0.0,0.0,0.0,1.0,0.0,0.1,0.1,0.3,0.4,1.0,0.0,4.0,0.0,0.0,0.0,0.0,0.0,0.22,0.47,0.69,0.22,0.69,Matches,Real Betis,
Rodri,es ESP,FW,24-106,2.0,0,47.0,0.5,0.0,0.0,0.0,0.0,0.0,0.0,0.0,0.0,0.1,0.1,0.0,0.1,3.0,3.0,5.0,0.0,0.0,0.0,0.0,0.0,0.28,0.0,0.28,0.28,0.28,Matches,Real Betis,
Sergi Altimira,es ESP,MF,23-005,1.0,0,14.0,0.2,0.0,0.0,0.0,0.0,0.0,0.0,0.0,0.0,0.0,0.0,0.1,0.1,0.0,3.0,0.0,0.0,0.0,0.0,0.0,0.0,0.0,0.37,0.37,0.0,0.37,Matches,Real Betis,
Johnny Cardoso,us USA,MF,22-345,1.0,0,14.0,0.2,0.0,0.0,0.0,0.0,0.0,0.0,0.0,0.0,0.1,0.1,0.0,0.1,0.0,0.0,0.0,0.0,0.0,0.0,0.0,0.0,0.64,0.0,0.64,0.64,0.64,Matches,Real Betis,
Natan,br BRA,DF,23-206,1.0,0,5.0,0.1,0.0,0.0,0.0,0.0,0.0,0.0,0.0,0.0,0.0,0.0,0.0,0.0,0.0,0.0,0.0,0.0,0.0,0.0,0.0,0.0,0.54,0.0,0.54,0.54,0.54,Matches,Real Betis,
Adrián,es ESP,GK,37-240,0.0,0,,,,,,,,,,,,,,,,,,,,,,,,,,,,Matches,Real Betis,
Alcázar,es ESP,DF,22-050,0.0,0,,,,,,,,,,,,,,,,,,,,,,,,,,,,Matches,Real Betis,
Héctor Bellerín,es ESP,"DF,MF",29-164,0.0,0,,,,,,,,,,,,,,,,,,,,,,,,,,,,Matches,Real Betis,
Assane Diao,es ESP,MF,18-358,0.0,0,,,,,,,,,,,,,,,,,,,,,,,,,,,,Matches,Real Betis,
Manu González,es ESP,GK,17-134,0.0,0,,,,,,,,,,,,,,,,,,,,,,,,,,,,Matches,Real Betis,
Iker Losada,es ESP,MF,23-029,0.0,0,,,,,,,,,,,,,,,,,,,,,,,,,,,,Matches,Real Betis,
Fran Vieites,es ESP,GK,25-115,0.0,0,,,,,,,,,,,,,,,,,,,,,,,,,,,,Matches,Real Betis,
Squad Total,,,30.0,2.0,22,180.0,2.0,1.0,1.0,2.0,1.0,0.0,0.0,6.0,0.0,2.8,2.8,2.4,5.3,32.0,69.0,68.0,0.5,0.5,1.0,0.5,1.0,1.42,1.2,2.63,1.42,2.63,,Real Betis,
Opponent Total,,,27.6,2.0,22,180.0,2.0,1.0,1.0,2.0,1.0,0.0,0.0,1.0,1.0,1.8,1.8,1.7,3.5,35.0,92.0,91.0,0.5,0.5,1.0,0.5,1.0,0.89,0.83,1.73,0.89,1.73,,Real Betis,
Jasper Cillessen,nl NED,GK,35-130,3.0,3,270.0,3.0,0.0,0.0,0.0,0.0,0.0,0.0,0.0,0.0,0.0,0.0,0.0,0.0,0.0,0.0,0.0,0.0,0.0,0.0,0.0,0.0,0.0,0.0,0.0,0.0,0.0,Matches,Las Palmas,
Mika Màrmol,es ESP,DF,22-059,3.0,3,270.0,3.0,0.0,0.0,0.0,0.0,0.0,0.0,1.0,0.0,0.1,0.1,0.1,0.2,4.0,9.0,1.0,0.0,0.0,0.0,0.0,0.0,0.03,0.03,0.06,0.03,0.06,Matches,Las Palmas,
Javier Muñoz,es ESP,MF,29-184,3.0,3,270.0,3.0,0.0,1.0,1.0,0.0,0.0,0.0,0.0,0.0,0.2,0.2,0.4,0.6,2.0,16.0,7.0,0.0,0.33,0.33,0.0,0.33,0.08,0.13,0.21,0.08,0.21,Matches,Las Palmas,
Kirian Rodríguez,es ESP,MF,28-178,3.0,3,256.0,2.8,0.0,0.0,0.0,0.0,0.0,0.0,1.0,0.0,0.1,0.1,0.3,0.4,7.0,19.0,5.0,0.0,0.0,0.0,0.0,0.0,0.03,0.11,0.13,0.03,0.13,Matches,Las Palmas,
Oliver McBurnie,sct SCO,FW,28-087,3.0,3,253.0,2.8,0.0,2.0,2.0,0.0,0.0,0.0,0.0,0.0,0.8,0.8,0.8,1.6,1.0,2.0,8.0,0.0,0.71,0.71,0.0,0.71,0.29,0.28,0.56,0.29,0.56,Matches,Las Palmas,
Álex Suárez,es ESP,DF,31-165,3.0,3,244.0,2.7,0.0,0.0,0.0,0.0,0.0,0.0,0.0,0.0,0.0,0.0,0.0,0.0,1.0,1.0,0.0,0.0,0.0,0.0,0.0,0.0,0.0,0.0,0.0,0.0,0.0,Matches,Las Palmas,
Marvin,es ESP,"DF,FW",24-058,3.0,3,242.0,2.7,0.0,0.0,0.0,0.0,0.0,0.0,0.0,0.0,0.0,0.0,0.6,0.6,8.0,6.0,9.0,0.0,0.0,0.0,0.0,0.0,0.0,0.22,0.22,0.0,0.22,Matches,Las Palmas,
Alberto Moleiro,es ESP,"MF,FW",20-335,3.0,3,211.0,2.3,1.0,0.0,1.0,1.0,0.0,0.0,0.0,0.0,0.6,0.6,0.0,0.6,7.0,7.0,14.0,0.43,0.0,0.43,0.43,0.43,0.24,0.01,0.25,0.24,0.25,Matches,Las Palmas,
Scott McKenna,sct SCO,DF,27-292,3.0,2,202.0,2.2,0.0,0.0,0.0,0.0,0.0,0.0,0.0,0.0,0.0,0.0,0.0,0.0,0.0,4.0,0.0,0.0,0.0,0.0,0.0,0.0,0.01,0.0,0.01,0.01,0.01,Matches,Las Palmas,
Sandro Ramírez,es ESP,"FW,MF",29-052,3.0,2,190.0,2.1,2.0,0.0,2.0,2.0,0.0,0.0,0.0,0.0,1.1,1.1,0.1,1.2,6.0,3.0,7.0,0.95,0.0,0.95,0.95,0.95,0.52,0.07,0.59,0.52,0.59,Matches,Las Palmas,
Álex Muñoz,es ESP,DF,30-031,2.0,2,145.0,1.6,0.0,0.0,0.0,0.0,0.0,0.0,0.0,0.0,0.0,0.0,0.4,0.4,2.0,5.0,8.0,0.0,0.0,0.0,0.0,0.0,0.01,0.23,0.23,0.01,0.23,Matches,Las Palmas,
Enzo Loiodice,fr FRA,MF,23-277,3.0,1,103.0,1.1,0.0,0.0,0.0,0.0,0.0,0.0,0.0,0.0,0.0,0.0,0.1,0.1,1.0,4.0,0.0,0.0,0.0,0.0,0.0,0.0,0.0,0.06,0.06,0.0,0.06,Matches,Las Palmas,
Jaime Mata,es ESP,FW,35-311,3.0,1,93.0,1.0,0.0,0.0,0.0,0.0,0.0,0.0,0.0,0.0,0.1,0.1,0.0,0.1,2.0,1.0,6.0,0.0,0.0,0.0,0.0,0.0,0.08,0.0,0.08,0.08,0.08,Matches,Las Palmas,
José Campaña,es ESP,MF,31-091,1.0,1,80.0,0.9,0.0,0.0,0.0,0.0,0.0,0.0,0.0,0.0,0.0,0.0,0.0,0.0,1.0,2.0,0.0,0.0,0.0,0.0,0.0,0.0,0.0,0.03,0.03,0.0,0.03,Matches,Las Palmas,
Viti,es ESP,"DF,MF",26-349,3.0,0,54.0,0.6,0.0,0.0,0.0,0.0,0.0,0.0,1.0,0.0,0.0,0.0,0.0,0.0,1.0,1.0,4.0,0.0,0.0,0.0,0.0,0.0,0.0,0.03,0.03,0.0,0.03,Matches,Las Palmas,
Benito Ramírez,es ESP,"MF,DF",29-050,2.0,0,43.0,0.5,0.0,0.0,0.0,0.0,0.0,0.0,0.0,0.0,0.0,0.0,0.1,0.1,0.0,0.0,5.0,0.0,0.0,0.0,0.0,0.0,0.02,0.11,0.12,0.02,0.12,Matches,Las Palmas,
Manuel Fuster,es ESP,"MF,FW",26-313,3.0,0,36.0,0.4,0.0,0.0,0.0,0.0,0.0,0.0,0.0,0.0,0.0,0.0,0.1,0.1,0.0,1.0,7.0,0.0,0.0,0.0,0.0,0.0,0.0,0.2,0.2,0.0,0.2,Matches,Las Palmas,
Aboubacar Bassinga,ci CIV,MF,19-048,1.0,0,4.0,0.0,0.0,0.0,0.0,0.0,0.0,0.0,0.0,0.0,0.0,0.0,0.0,0.0,0.0,0.0,0.0,0.0,0.0,0.0,0.0,0.0,0.0,0.0,0.0,0.0,0.0,Matches,Las Palmas,
Marc Cardona,es ESP,FW,29-053,1.0,0,4.0,0.0,0.0,0.0,0.0,0.0,0.0,0.0,0.0,0.0,0.0,0.0,0.0,0.0,0.0,0.0,0.0,0.0,0.0,0.0,0.0,0.0,0.0,0.0,0.0,0.0,0.0,Matches,Las Palmas,
Iván Gil,es ESP,MF,24-225,0.0,0,,,,,,,,,,,,,,,,,,,,,,,,,,,,Matches,Las Palmas,
Fabio González,es ESP,MF,27-200,0.0,0,,,,,,,,,,,,,,,,,,,,,,,,,,,,Matches,Las Palmas,
Juan Herzog,es ESP,DF,21-109,0.0,0,,,,,,,,,,,,,,,,,,,,,,,,,,,,Matches,Las Palmas,
Dinko Horkaš,hr CRO,GK,25-173,0.0,0,,,,,,,,,,,,,,,,,,,,,,,,,,,,Matches,Las Palmas,
Álvaro Killane,es ESP,GK,19-260,0.0,0,,,,,,,,,,,,,,,,,,,,,,,,,,,,Matches,Las Palmas,
Valentín Pezzolesi,es ESP,DF,17-136,0.0,0,,,,,,,,,,,,,,,,,,,,,,,,,,,,Matches,Las Palmas,
Daley Sinkgraven,nl NED,"DF,MF",29-057,0.0,0,,,,,,,,,,,,,,,,,,,,,,,,,,,,Matches,Las Palmas,
Squad Total,,,28.1,3.0,33,270.0,3.0,3.0,3.0,6.0,3.0,0.0,0.0,3.0,0.0,3.0,3.0,2.9,5.9,43.0,81.0,81.0,1.0,1.0,2.0,1.0,2.0,1.0,0.97,1.97,1.0,1.97,,Las Palmas,
Opponent Total,,,27.4,3.0,33,270.0,3.0,4.0,3.0,7.0,3.0,1.0,2.0,5.0,0.0,5.8,4.5,3.8,8.3,58.0,125.0,125.0,1.33,1.0,2.33,1.0,2.0,1.92,1.26,3.18,1.5,2.76,,Las Palmas,
Carmona,es ESP,DF,22-214,,3,270.0,3.0,0.0,0.0,0.0,0.0,0.0,0.0,1.0,0.0,0.1,0.1,0.1,0.2,2.0,16.0,3.0,0.0,0.0,0.0,0.0,0.0,0.03,0.03,0.06,0.03,0.06,Matches,Sevilla,3.0
Ørjan Nyland,no NOR,GK,33-355,,3,270.0,3.0,0.0,0.0,0.0,0.0,0.0,0.0,0.0,0.0,0.0,0.0,0.0,0.0,0.0,0.0,0.0,0.0,0.0,0.0,0.0,0.0,0.0,0.0,0.0,0.0,0.0,Matches,Sevilla,3.0
Adrià Pedrosa,es ESP,DF,26-109,,3,270.0,3.0,0.0,0.0,0.0,0.0,0.0,0.0,1.0,0.0,0.1,0.1,0.4,0.5,3.0,17.0,12.0,0.0,0.0,0.0,0.0,0.0,0.04,0.14,0.18,0.04,0.18,Matches,Sevilla,3.0
Dodi Lukebakio,be BEL,FW,26-341,,3,212.0,2.4,1.0,0.0,1.0,1.0,0.0,0.0,0.0,0.0,0.5,0.5,0.3,0.8,16.0,3.0,12.0,0.42,0.0,0.42,0.42,0.42,0.2,0.14,0.34,0.2,0.34,Matches,Sevilla,3.0
Djibril Sow,ch SUI,"MF,FW",27-206,,2,200.0,2.2,0.0,0.0,0.0,0.0,0.0,0.0,1.0,0.0,0.6,0.6,0.1,0.7,2.0,10.0,7.0,0.0,0.0,0.0,0.0,0.0,0.27,0.04,0.31,0.27,0.31,Matches,Sevilla,3.0
Isaac Romero,es ESP,FW,24-104,,2,187.0,2.1,0.0,1.0,1.0,0.0,0.0,0.0,1.0,0.0,0.5,0.5,0.4,0.9,2.0,2.0,6.0,0.0,0.48,0.48,0.0,0.48,0.26,0.2,0.45,0.26,0.45,Matches,Sevilla,3.0
Lucien Agoume,fr FRA,MF,22-203,,2,181.0,2.0,0.0,0.0,0.0,0.0,0.0,0.0,0.0,0.0,0.0,0.0,0.0,0.0,4.0,11.0,4.0,0.0,0.0,0.0,0.0,0.0,0.0,0.01,0.01,0.0,0.01,Matches,Sevilla,3.0
Loïc Bade,fr FRA,DF,24-141,,2,180.0,2.0,0.0,0.0,0.0,0.0,0.0,0.0,0.0,0.0,0.1,0.1,0.0,0.1,0.0,2.0,1.0,0.0,0.0,0.0,0.0,0.0,0.04,0.0,0.04,0.04,0.04,Matches,Sevilla,2.0
Juanlu Sánchez,es ESP,MF,21-015,,2,180.0,2.0,1.0,0.0,1.0,1.0,0.0,0.0,1.0,0.0,0.6,0.6,0.1,0.7,2.0,3.0,9.0,0.5,0.0,0.5,0.5,0.5,0.3,0.06,0.36,0.3,0.36,Matches,Sevilla,3.0
Saúl Ñíguez,es ESP,MF,29-283,,2,178.0,2.0,0.0,0.0,0.0,0.0,0.0,0.0,0.0,1.0,0.3,0.3,0.2,0.5,1.0,14.0,11.0,0.0,0.0,0.0,0.0,0.0,0.16,0.09,0.24,0.16,0.24,Matches,Sevilla,2.0
Lucas Ocampos,ar ARG,FW,30-050,,2,175.0,1.9,0.0,1.0,1.0,0.0,0.0,0.0,0.0,0.0,0.2,0.2,0.3,0.5,5.0,7.0,20.0,0.0,0.51,0.51,0.0,0.51,0.08,0.17,0.25,0.08,0.25,Matches,Sevilla,2.0
Nemanja Gudelj,rs SRB,DF,32-288,,2,159.0,1.8,0.0,0.0,0.0,0.0,0.0,0.0,0.0,0.0,0.0,0.0,0.0,0.0,0.0,3.0,0.0,0.0,0.0,0.0,0.0,0.0,0.02,0.0,0.02,0.02,0.02,Matches,Sevilla,2.0
Chidera Ejuke,ng NGA,"FW,MF",26-241,,1,109.0,1.2,0.0,0.0,0.0,0.0,0.0,0.0,0.0,0.0,0.2,0.2,0.2,0.3,11.0,9.0,18.0,0.0,0.0,0.0,0.0,0.0,0.13,0.14,0.27,0.13,0.27,Matches,Sevilla,2.0
Tanguy Nianzou,fr FRA,DF,22-084,,1,90.0,1.0,0.0,0.0,0.0,0.0,0.0,0.0,0.0,0.0,0.2,0.2,0.0,0.2,1.0,5.0,0.0,0.0,0.0,0.0,0.0,0.0,0.19,0.0,0.19,0.19,0.19,Matches,Sevilla,1.0
Kike Salas,es ESP,DF,22-129,,1,84.0,0.9,0.0,0.0,0.0,0.0,0.0,0.0,0.0,0.0,0.1,0.1,0.0,0.1,0.0,5.0,0.0,0.0,0.0,0.0,0.0,0.0,0.11,0.0,0.11,0.11,0.11,Matches,Sevilla,2.0
Kelechi Iheanacho,ng NGA,FW,27-332,,1,75.0,0.8,0.0,0.0,0.0,0.0,0.0,0.0,0.0,0.0,0.2,0.2,0.1,0.3,1.0,0.0,3.0,0.0,0.0,0.0,0.0,0.0,0.23,0.18,0.41,0.23,0.41,Matches,Sevilla,2.0
Albert Sambi Lokonga,be BEL,MF,24-313,,1,62.0,0.7,0.0,0.0,0.0,0.0,0.0,0.0,0.0,0.0,0.0,0.0,0.0,0.0,0.0,3.0,1.0,0.0,0.0,0.0,0.0,0.0,0.0,0.0,0.0,0.0,0.0,Matches,Sevilla,1.0
Jesús Navas,es ESP,FW,38-283,,0,43.0,0.5,0.0,0.0,0.0,0.0,0.0,0.0,0.0,0.0,0.0,0.0,0.3,0.3,2.0,3.0,9.0,0.0,0.0,0.0,0.0,0.0,0.0,0.63,0.63,0.0,0.63,Matches,Sevilla,3.0
Marcão,br BRA,DF,28-086,,0,35.0,0.4,0.0,0.0,0.0,0.0,0.0,0.0,1.0,0.0,0.0,0.0,0.0,0.0,0.0,4.0,0.0,0.0,0.0,0.0,0.0,0.0,0.0,0.0,0.0,0.0,0.0,Matches,Sevilla,2.0
Peque,es ESP,FW,21-331,,0,8.0,0.1,0.0,0.0,0.0,0.0,0.0,0.0,0.0,0.0,0.0,0.0,0.0,0.0,1.0,1.0,1.0,0.0,0.0,0.0,0.0,0.0,0.0,0.0,0.0,0.0,0.0,Matches,Sevilla,1.0
Pablo Cruz,es ESP,MF,20-232,,0,,,,,,,,,,,,,,,,,,,,,,,,,,,,Matches,Sevilla,0.0
Álvaro Fernández,es ESP,GK,26-139,,0,,,,,,,,,,,,,,,,,,,,,,,,,,,,Matches,Sevilla,0.0
Stanis Idumbo,be BEL,MF,19-062,,0,,,,,,,,,,,,,,,,,,,,,,,,,,,,Matches,Sevilla,0.0
Alberto López,es ESP,GK,20-294,,0,,,,,,,,,,,,,,,,,,,,,,,,,,,,Matches,Sevilla,0.0
Alberto López,es ESP,MF,19-136,,0,,,,,,,,,,,,,,,,,,,,,,,,,,,,Matches,Sevilla,0.0
Gonzalo Montiel,ar ARG,DF,27-242,,0,,,,,,,,,,,,,,,,,,,,,,,,,,,,Matches,Sevilla,0.0
Squad Total,,,26.8,,33,270.0,3.0,2.0,2.0,4.0,2.0,0.0,0.0,6.0,1.0,3.6,3.6,2.6,6.2,53.0,118.0,117.0,0.67,0.67,1.33,0.67,1.33,1.2,0.87,2.08,1.2,2.08,,Sevilla,3.0
Opponent Total,,,27.7,,33,270.0,3.0,3.0,2.0,5.0,3.0,0.0,0.0,7.0,0.0,3.1,3.1,2.5,5.6,29.0,93.0,92.0,1.0,0.67,1.67,1.0,1.67,1.05,0.82,1.86,1.05,1.86,,Sevilla,3.0
Samu Costa,pt POR,MF,23-277,,3,270.0,3.0,0.0,0.0,0.0,0.0,0.0,0.0,0.0,0.0,0.1,0.1,0.1,0.3,2.0,12.0,7.0,0.0,0.0,0.0,0.0,0.0,0.05,0.04,0.08,0.05,0.08,Matches,Mallorca,3.0
Pablo Maffeo,es ESP,DF,27-049,,3,270.0,3.0,0.0,0.0,0.0,0.0,0.0,0.0,1.0,0.0,0.0,0.0,0.2,0.2,4.0,6.0,18.0,0.0,0.0,0.0,0.0,0.0,0.01,0.06,0.06,0.01,0.06,Matches,Mallorca,3.0
Johan Mojica,co COL,DF,32-009,,3,270.0,3.0,0.0,0.0,0.0,0.0,0.0,0.0,0.0,0.0,0.0,0.0,0.5,0.5,7.0,23.0,14.0,0.0,0.0,0.0,0.0,0.0,0.01,0.17,0.18,0.01,0.18,Matches,Mallorca,3.0
Antonio Raillo,es ESP,DF,32-327,,3,270.0,3.0,0.0,0.0,0.0,0.0,0.0,0.0,0.0,0.0,0.0,0.0,0.0,0.0,3.0,8.0,2.0,0.0,0.0,0.0,0.0,0.0,0.01,0.0,0.01,0.01,0.01,Matches,Mallorca,3.0
Martin Valjent,sk SVK,DF,28-263,,3,270.0,3.0,0.0,0.0,0.0,0.0,0.0,0.0,0.0,0.0,0.0,0.0,0.0,0.0,1.0,10.0,0.0,0.0,0.0,0.0,0.0,0.0,0.0,0.0,0.0,0.0,0.0,Matches,Mallorca,3.0
Vedat Muriqi,xk KVX,FW,30-128,,3,261.0,2.9,1.0,0.0,1.0,1.0,0.0,0.0,0.0,0.0,1.2,1.2,0.2,1.4,2.0,4.0,14.0,0.34,0.0,0.34,0.34,0.34,0.42,0.06,0.48,0.42,0.48,Matches,Mallorca,3.0
Sergi Darder,es ESP,MF,30-252,,3,236.0,2.6,0.0,0.0,0.0,0.0,0.0,0.0,0.0,0.0,0.0,0.0,0.1,0.1,2.0,11.0,8.0,0.0,0.0,0.0,0.0,0.0,0.01,0.03,0.04,0.01,0.04,Matches,Mallorca,3.0
Dominik Greif,sk SVK,GK,27-146,,2,180.0,2.0,0.0,0.0,0.0,0.0,0.0,0.0,0.0,0.0,0.0,0.0,0.0,0.0,0.0,0.0,0.0,0.0,0.0,0.0,0.0,0.0,0.0,0.0,0.0,0.0,0.0,Matches,Mallorca,2.0
Dani Rodríguez,es ESP,FW,36-085,,2,170.0,1.9,0.0,1.0,1.0,0.0,0.0,0.0,0.0,0.0,0.2,0.2,0.2,0.4,0.0,9.0,10.0,0.0,0.53,0.53,0.0,0.53,0.11,0.09,0.19,0.11,0.19,Matches,Mallorca,3.0
Omar Mascarell,gq EQG,MF,31-210,,2,168.0,1.9,0.0,0.0,0.0,0.0,0.0,0.0,0.0,0.0,0.0,0.0,0.0,0.0,2.0,2.0,1.0,0.0,0.0,0.0,0.0,0.0,0.01,0.0,0.01,0.01,0.01,Matches,Mallorca,3.0
Takuma Asano,jp JPN,FW,29-294,,2,158.0,1.8,0.0,0.0,0.0,0.0,0.0,0.0,0.0,0.0,0.3,0.3,0.0,0.3,7.0,4.0,11.0,0.0,0.0,0.0,0.0,0.0,0.15,0.0,0.15,0.15,0.15,Matches,Mallorca,3.0
Manu Morlanes,es ESP,MF,25-231,,1,120.0,1.3,0.0,0.0,0.0,0.0,0.0,0.0,0.0,0.0,0.0,0.0,0.0,0.0,6.0,12.0,7.0,0.0,0.0,0.0,0.0,0.0,0.0,0.0,0.0,0.0,0.0,Matches,Mallorca,3.0
Cyle Larin,ca CAN,FW,29-135,,1,112.0,1.2,0.0,0.0,0.0,0.0,0.0,0.0,1.0,0.0,0.0,0.0,0.0,0.0,1.0,4.0,9.0,0.0,0.0,0.0,0.0,0.0,0.0,0.0,0.0,0.0,0.0,Matches,Mallorca,3.0
Antonio Sánchez,es ESP,FW,27-242,,1,100.0,1.1,0.0,0.0,0.0,0.0,0.0,0.0,0.0,0.0,0.4,0.4,0.1,0.5,0.0,4.0,3.0,0.0,0.0,0.0,0.0,0.0,0.36,0.09,0.45,0.36,0.45,Matches,Mallorca,3.0
Leo Román,es ESP,GK,24-055,,1,90.0,1.0,0.0,0.0,0.0,0.0,0.0,0.0,0.0,0.0,0.0,0.0,0.0,0.0,0.0,0.0,0.0,0.0,0.0,0.0,0.0,0.0,0.0,0.0,0.0,0.0,0.0,Matches,Mallorca,1.0
Abdón Prats,es ESP,FW,31-267,,0,15.0,0.2,0.0,0.0,0.0,0.0,0.0,0.0,0.0,0.0,0.1,0.1,0.0,0.1,0.0,0.0,0.0,0.0,0.0,0.0,0.0,0.0,0.59,0.0,0.59,0.59,0.59,Matches,Mallorca,2.0
Marc Domenech,es ESP,FW,18-242,,0,9.0,0.1,0.0,0.0,0.0,0.0,0.0,0.0,0.0,0.0,0.0,0.0,0.0,0.0,0.0,0.0,1.0,0.0,0.0,0.0,0.0,0.0,0.32,0.0,0.32,0.32,0.32,Matches,Mallorca,1.0
Copete,es ESP,MF,24-325,,0,1.0,0.0,0.0,0.0,0.0,0.0,0.0,0.0,0.0,0.0,0.0,0.0,0.0,0.0,0.0,0.0,0.0,0.0,0.0,0.0,0.0,0.0,0.0,0.0,0.0,0.0,0.0,Matches,Mallorca,1.0
Iván Cuéllar,es ESP,GK,40-095,,0,,,,,,,,,,,,,,,,,,,,,,,,,,,,Matches,Mallorca,0.0
Toni Lato,es ESP,DF,26-283,,0,,,,,,,,,,,,,,,,,,,,,,,,,,,,Matches,Mallorca,0.0
Daniel Luna,co COL,MF,21-115,,0,,,,,,,,,,,,,,,,,,,,,,,,,,,,Matches,Mallorca,0.0
Mateu Morey,es ESP,DF,24-181,,0,,,,,,,,,,,,,,,,,,,,,,,,,,,,Matches,Mallorca,0.0
Jan Salas,es ESP,MF,19-020,,0,,,,,,,,,,,,,,,,,,,,,,,,,,,,Matches,Mallorca,0.0
Siebe Van Der Heyden,be BEL,DF,26-092,,0,,,,,,,,,,,,,,,,,,,,,,,,,,,,Matches,Mallorca,0.0
Squad Total,,,29.4,,33,270.0,3.0,1.0,1.0,2.0,1.0,0.0,0.0,2.0,0.0,2.5,2.5,1.3,3.7,37.0,109.0,105.0,0.33,0.33,0.67,0.33,0.67,0.82,0.43,1.25,0.82,1.25,,Mallorca,3.0
Opponent Total,,,27.4,,33,270.0,3.0,2.0,1.0,3.0,2.0,0.0,0.0,3.0,2.0,1.9,1.9,1.3,3.2,54.0,142.0,138.0,0.67,0.33,1.0,0.67,1.0,0.63,0.44,1.07,0.63,1.07,,Mallorca,3.0
Joan García,es ESP,GK,23-118,3.0,3,270.0,3.0,0.0,0.0,0.0,0.0,0.0,0.0,0.0,0.0,0.1,0.1,0.0,0.1,0.0,0.0,0.0,0.0,0.0,0.0,0.0,0.0,0.02,0.0,0.02,0.02,0.02,Matches,Espanyol,
Javi Puado,es ESP,FW,26-097,3.0,3,270.0,3.0,0.0,0.0,0.0,0.0,0.0,0.0,1.0,0.0,0.8,0.8,0.6,1.3,4.0,9.0,8.0,0.0,0.0,0.0,0.0,0.0,0.25,0.18,0.44,0.25,0.44,Matches,Espanyol,
Omar El Hilali,ma MAR,DF,20-353,3.0,3,266.0,3.0,0.0,0.0,0.0,0.0,0.0,0.0,1.0,0.0,0.0,0.0,0.0,0.0,5.0,8.0,3.0,0.0,0.0,0.0,0.0,0.0,0.0,0.01,0.01,0.0,0.01,Matches,Espanyol,
Carlos Romero,es ESP,DF,22-306,3.0,3,239.0,2.7,0.0,0.0,0.0,0.0,0.0,0.0,0.0,0.0,0.1,0.1,0.1,0.2,2.0,4.0,15.0,0.0,0.0,0.0,0.0,0.0,0.05,0.03,0.08,0.05,0.08,Matches,Espanyol,
José Gragera,es ESP,MF,23-274,3.0,3,224.0,2.5,0.0,0.0,0.0,0.0,0.0,0.0,0.0,0.0,0.0,0.0,0.0,0.0,1.0,1.0,1.0,0.0,0.0,0.0,0.0,0.0,0.0,0.0,0.0,0.0,0.0,Matches,Espanyol,
Alejo Véliz,ar ARG,FW,20-346,3.0,3,222.0,2.5,0.0,0.0,0.0,0.0,0.0,0.0,1.0,0.0,1.0,1.0,0.4,1.4,1.0,3.0,7.0,0.0,0.0,0.0,0.0,0.0,0.39,0.17,0.56,0.39,0.56,Matches,Espanyol,
Alex Král,cz CZE,MF,26-103,3.0,2,214.0,2.4,0.0,0.0,0.0,0.0,0.0,0.0,0.0,0.0,0.0,0.0,0.3,0.4,5.0,9.0,6.0,0.0,0.0,0.0,0.0,0.0,0.02,0.15,0.16,0.02,0.16,Matches,Espanyol,
Leandro Cabrera,uy URU,DF,33-074,2.0,2,180.0,2.0,0.0,0.0,0.0,0.0,0.0,0.0,0.0,0.0,0.0,0.0,0.0,0.0,1.0,8.0,0.0,0.0,0.0,0.0,0.0,0.0,0.0,0.02,0.02,0.0,0.02,Matches,Espanyol,
Álvaro Tejero,es ESP,"DF,MF",28-041,3.0,2,163.0,1.8,0.0,0.0,0.0,0.0,0.0,0.0,0.0,0.0,0.1,0.1,0.2,0.2,4.0,2.0,10.0,0.0,0.0,0.0,0.0,0.0,0.05,0.09,0.13,0.05,0.13,Matches,Espanyol,
Marash Kumbulla,al ALB,DF,24-204,2.0,2,154.0,1.7,0.0,0.0,0.0,0.0,0.0,0.0,1.0,0.0,0.0,0.0,0.0,0.0,1.0,3.0,0.0,0.0,0.0,0.0,0.0,0.0,0.0,0.0,0.0,0.0,0.0,Matches,Espanyol,
Sergi Gómez,es ESP,DF,32-155,2.0,1,116.0,1.3,0.0,0.0,0.0,0.0,0.0,0.0,0.0,0.0,0.3,0.3,0.0,0.3,0.0,2.0,0.0,0.0,0.0,0.0,0.0,0.0,0.21,0.0,0.21,0.21,0.21,Matches,Espanyol,
Álvaro Aguado,es ESP,MF,28-121,3.0,1,107.0,1.2,0.0,0.0,0.0,0.0,0.0,0.0,0.0,0.0,0.1,0.1,0.0,0.1,5.0,12.0,1.0,0.0,0.0,0.0,0.0,0.0,0.11,0.01,0.12,0.11,0.12,Matches,Espanyol,
Jofre,es ESP,MF,23-074,3.0,1,107.0,1.2,0.0,0.0,0.0,0.0,0.0,0.0,0.0,0.0,0.5,0.5,0.2,0.7,2.0,4.0,8.0,0.0,0.0,0.0,0.0,0.0,0.4,0.2,0.6,0.4,0.6,Matches,Espanyol,
Irvin Cardona,fr FRA,"MF,FW",27-022,2.0,1,101.0,1.1,0.0,0.0,0.0,0.0,0.0,0.0,1.0,0.0,0.1,0.1,0.0,0.1,1.0,2.0,4.0,0.0,0.0,0.0,0.0,0.0,0.08,0.02,0.11,0.08,0.11,Matches,Espanyol,
Fernando Calero,es ESP,DF,28-351,1.0,1,90.0,1.0,0.0,0.0,0.0,0.0,0.0,0.0,0.0,0.0,0.0,0.0,0.0,0.0,0.0,1.0,0.0,0.0,0.0,0.0,0.0,0.0,0.0,0.0,0.0,0.0,0.0,Matches,Espanyol,
Pol Lozano,es ESP,MF,24-329,2.0,1,81.0,0.9,0.0,0.0,0.0,0.0,0.0,0.0,0.0,0.0,0.0,0.0,0.0,0.0,0.0,3.0,1.0,0.0,0.0,0.0,0.0,0.0,0.0,0.03,0.03,0.0,0.03,Matches,Espanyol,
Pere Milla,es ESP,MF,31-342,2.0,1,60.0,0.7,0.0,0.0,0.0,0.0,0.0,0.0,0.0,0.0,0.0,0.0,0.0,0.0,1.0,1.0,3.0,0.0,0.0,0.0,0.0,0.0,0.0,0.04,0.04,0.0,0.04,Matches,Espanyol,
Brian Oliván,es ESP,"DF,MF",30-151,2.0,0,50.0,0.6,0.0,0.0,0.0,0.0,0.0,0.0,0.0,0.0,0.0,0.0,0.1,0.1,1.0,1.0,3.0,0.0,0.0,0.0,0.0,0.0,0.0,0.15,0.15,0.0,0.15,Matches,Espanyol,
Antoniu,es ESP,MF,21-360,2.0,0,29.0,0.3,0.0,0.0,0.0,0.0,0.0,0.0,1.0,0.0,0.0,0.0,0.1,0.1,0.0,0.0,1.0,0.0,0.0,0.0,0.0,0.0,0.05,0.29,0.34,0.05,0.34,Matches,Espanyol,
Walid Cheddira,ma MAR,FW,26-221,1.0,0,27.0,0.3,0.0,0.0,0.0,0.0,0.0,0.0,0.0,0.0,0.0,0.0,0.0,0.0,1.0,0.0,2.0,0.0,0.0,0.0,0.0,0.0,0.1,0.0,0.1,0.1,0.1,Matches,Espanyol,
Rafael Bauza,es ESP,MF,19-213,0.0,0,,,,,,,,,,,,,,,,,,,,,,,,,,,,Matches,Espanyol,
Català,es ESP,DF,20-014,0.0,0,,,,,,,,,,,,,,,,,,,,,,,,,,,,Matches,Espanyol,
Fortuño,es ESP,GK,22-330,0.0,0,,,,,,,,,,,,,,,,,,,,,,,,,,,,Matches,Espanyol,
Fernando Pacheco,es ESP,GK,32-104,0.0,0,,,,,,,,,,,,,,,,,,,,,,,,,,,,Matches,Espanyol,
Omar Sadik,ma MAR,FW,20-161,0.0,0,,,,,,,,,,,,,,,,,,,,,,,,,,,,Matches,Espanyol,
Salvi,es ESP,"FW,MF",33-153,0.0,0,,,,,,,,,,,,,,,,,,,,,,,,,,,,Matches,Espanyol,
Squad Total,,,25.5,3.0,33,270.0,3.0,0.0,0.0,0.0,0.0,0.0,0.0,6.0,0.0,2.8,2.8,1.9,4.8,35.0,73.0,73.0,0.0,0.0,0.0,0.0,0.0,0.94,0.64,1.58,0.94,1.58,,Espanyol,
Opponent Total,,,27.5,3.0,33,270.0,3.0,2.0,2.0,4.0,2.0,0.0,0.0,4.0,0.0,3.8,3.8,3.1,6.9,64.0,153.0,150.0,0.67,0.67,1.33,0.67,1.33,1.26,1.05,2.31,1.26,2.31,,Espanyol,
Giorgi Mamardashvili,ge GEO,GK,23-336,3.0,3,270.0,3.0,0.0,0.0,0.0,0.0,0.0,0.0,0.0,0.0,0.0,0.0,0.0,0.0,0.0,0.0,0.0,0.0,0.0,0.0,0.0,0.0,0.0,0.01,0.01,0.0,0.01,Matches,Valencia,
Cristhian Mosquera,es ESP,DF,20-064,3.0,3,270.0,3.0,0.0,0.0,0.0,0.0,0.0,0.0,1.0,0.0,0.0,0.0,0.0,0.0,3.0,9.0,0.0,0.0,0.0,0.0,0.0,0.0,0.0,0.0,0.0,0.0,0.0,Matches,Valencia,
José Luis García Vayá,es ESP,MF,26-019,3.0,3,261.0,2.9,0.0,0.0,0.0,0.0,0.0,0.0,1.0,0.0,0.0,0.0,0.3,0.4,0.0,12.0,0.0,0.0,0.0,0.0,0.0,0.0,0.01,0.12,0.12,0.01,0.12,Matches,Valencia,
Hugo Duro,es ESP,FW,24-294,3.0,3,254.0,2.8,1.0,0.0,1.0,1.0,0.0,0.0,0.0,0.0,1.0,1.0,0.0,1.0,3.0,0.0,9.0,0.35,0.0,0.35,0.35,0.35,0.37,0.0,0.37,0.36,0.36,Matches,Valencia,
Jesus Vazquez,es ESP,DF,21-241,3.0,3,254.0,2.8,0.0,0.0,0.0,0.0,0.0,0.0,1.0,0.0,0.1,0.1,0.0,0.1,12.0,6.0,8.0,0.0,0.0,0.0,0.0,0.0,0.02,0.0,0.02,0.02,0.02,Matches,Valencia,
Diego López,es ESP,MF,22-109,3.0,3,222.0,2.5,1.0,1.0,2.0,1.0,0.0,0.0,0.0,0.0,0.4,0.4,0.9,1.3,5.0,6.0,18.0,0.41,0.41,0.81,0.41,0.81,0.18,0.34,0.52,0.18,0.52,Matches,Valencia,
Rafa Mir,es ESP,"MF,FW",27-073,3.0,3,217.0,2.4,0.0,1.0,1.0,0.0,0.0,0.0,1.0,0.0,0.1,0.1,0.4,0.5,2.0,3.0,3.0,0.0,0.41,0.41,0.0,0.41,0.04,0.16,0.2,0.04,0.2,Matches,Valencia,
Domingos André Ribeiro Almeida,pt POR,"FW,MF",24-092,3.0,2,187.0,2.1,0.0,0.0,0.0,0.0,0.0,0.0,0.0,0.0,0.0,0.0,0.0,0.0,3.0,15.0,11.0,0.0,0.0,0.0,0.0,0.0,0.01,0.01,0.01,0.01,0.01,Matches,Valencia,
Yarek Gasiorowski,es ESP,DF,19-231,2.0,2,180.0,2.0,0.0,0.0,0.0,0.0,0.0,0.0,0.0,0.0,0.1,0.1,0.1,0.2,1.0,4.0,0.0,0.0,0.0,0.0,0.0,0.0,0.07,0.03,0.11,0.07,0.11,Matches,Valencia,
Thierry Correia,pt POR,DF,25-174,3.0,2,168.0,1.9,0.0,0.0,0.0,0.0,0.0,0.0,0.0,0.0,0.1,0.1,0.0,0.1,7.0,11.0,7.0,0.0,0.0,0.0,0.0,0.0,0.04,0.0,0.04,0.04,0.04,Matches,Valencia,
Javier Guerra,es ESP,MF,21-242,3.0,2,154.0,1.7,0.0,0.0,0.0,0.0,0.0,0.0,0.0,0.0,0.0,0.0,0.1,0.1,0.0,7.0,5.0,0.0,0.0,0.0,0.0,0.0,0.01,0.04,0.06,0.01,0.06,Matches,Valencia,
Dimitri Foulquier,fr FRA,"DF,MF",31-160,3.0,1,129.0,1.4,0.0,0.0,0.0,0.0,0.0,0.0,1.0,0.0,0.0,0.0,0.1,0.1,1.0,5.0,6.0,0.0,0.0,0.0,0.0,0.0,0.0,0.04,0.04,0.0,0.04,Matches,Valencia,
Luis Rioja,es ESP,MF,30-319,2.0,1,120.0,1.3,0.0,0.0,0.0,0.0,0.0,0.0,0.0,0.0,0.0,0.0,0.0,0.0,2.0,1.0,10.0,0.0,0.0,0.0,0.0,0.0,0.01,0.0,0.01,0.01,0.01,Matches,Valencia,
Hugo Guillamón,es ESP,MF,24-212,2.0,1,95.0,1.1,0.0,0.0,0.0,0.0,0.0,0.0,0.0,0.0,0.0,0.0,0.0,0.0,0.0,3.0,0.0,0.0,0.0,0.0,0.0,0.0,0.0,0.0,0.0,0.0,0.0,Matches,Valencia,
César Tárrega,es ESP,DF,22-186,1.0,1,90.0,1.0,0.0,0.0,0.0,0.0,0.0,0.0,0.0,0.0,0.0,0.0,0.0,0.0,0.0,0.0,0.0,0.0,0.0,0.0,0.0,0.0,0.0,0.0,0.0,0.0,0.0,Matches,Valencia,
Dani Gómez,es ESP,FW,26-031,3.0,0,41.0,0.5,0.0,0.0,0.0,0.0,0.0,0.0,0.0,0.0,0.0,0.0,0.0,0.0,0.0,0.0,1.0,0.0,0.0,0.0,0.0,0.0,0.0,0.0,0.0,0.0,0.0,Matches,Valencia,
Martín Tejón,es ESP,"MF,DF",20-140,3.0,0,37.0,0.4,0.0,0.0,0.0,0.0,0.0,0.0,0.0,0.0,0.1,0.1,0.0,0.1,0.0,4.0,5.0,0.0,0.0,0.0,0.0,0.0,0.21,0.0,0.21,0.21,0.21,Matches,Valencia,
David Otorbi,es ESP,MF,16-319,1.0,0,14.0,0.2,0.0,0.0,0.0,0.0,0.0,0.0,0.0,0.0,0.0,0.0,0.0,0.0,1.0,0.0,0.0,0.0,0.0,0.0,0.0,0.0,0.0,0.0,0.0,0.0,0.0,Matches,Valencia,
Alberto Marí,es ESP,FW,23-050,1.0,0,7.0,0.1,0.0,0.0,0.0,0.0,0.0,0.0,0.0,0.0,0.0,0.0,0.0,0.0,0.0,1.0,2.0,0.0,0.0,0.0,0.0,0.0,0.0,0.0,0.0,0.0,0.0,Matches,Valencia,
Rodrigo Abajas,es ESP,DF,21-110,0.0,0,,,,,,,,,,,,,,,,,,,,,,,,,,,,Matches,Valencia,
Iker Córdoba,es ESP,DF,18-293,0.0,0,,,,,,,,,,,,,,,,,,,,,,,,,,,,Matches,Valencia,
Stole Dimitrievski,mk MKD,GK,30-249,0.0,0,,,,,,,,,,,,,,,,,,,,,,,,,,,,Matches,Valencia,
Raúl Jiménez,es ESP,GK,18-196,0.0,0,,,,,,,,,,,,,,,,,,,,,,,,,,,,Matches,Valencia,
Cenk Özkacar,tr TUR,DF,23-329,0.0,0,,,,,,,,,,,,,,,,,,,,,,,,,,,,Matches,Valencia,
Squad Total,,,24.0,3.0,33,270.0,3.0,2.0,2.0,4.0,2.0,0.0,0.0,5.0,0.0,2.0,2.0,1.8,3.8,40.0,87.0,85.0,0.67,0.67,1.33,0.67,1.33,0.66,0.61,1.27,0.65,1.26,,Valencia,
Opponent Total,,,25.7,3.0,33,270.0,3.0,6.0,4.0,10.0,5.0,1.0,2.0,7.0,0.0,5.9,4.3,3.4,7.7,44.0,112.0,110.0,2.0,1.33,3.33,1.67,3.0,1.95,1.13,3.08,1.43,2.55,,Valencia,
